id,VCF_SAMPLE_NAME,ORDER_IN_VCF,latitude,longitude,CONTINENT,COUNTRY,LINEAGE,YEAR,HOST_FAMILY,TYPE,Chytridiomycosis,tree_leaf_name,match_score,match_type
02_OZ,02.OZ,1,,,Australasia,Australia,GPL,2005,Hylidae,Captive,,02.OZ,100.0,exact
03_OZ,03.OZ,2,-41.176,144.715,Australasia,Tasmania,GPL,2009,Myobatrachidae,Wild,Y,03.OZ,100.0,exact
06_OZ,06.OZ,3,-19.000048,146.201307,Australasia,Australia,GPL,2010,Hylidae,Wild,Y,06.OZ,100.0,exact
07_OZ,07.OZ,4,-19.000048,146.201307,Australasia,Australia,GPL,2010,Hylidae,Wild,Y,07.OZ,100.0,exact
0710-1,0710-1,5,42.88778333,-0.70885,Europe,France,GPL,2007,Alytidae,Wild,Y,0710.1,100.0,exact
0711_1,711.1,6,42.88778333,-0.70885,Europe,France,GPL,2007,Alytidae,Wild,Y,0711.1,100.0,exact
08MG02,08MG02,8,-28.76268,28.91794,Africa,South Africa,GPL,2008,Pyxicephalidae,Wild,Y,08MG02,100.0,exact
08MG05,08MG05,9,-34.093316,18.42167,Africa,South Africa,GPL,2008,Pyxicephalidae,Wild,N,08MG05,100.0,exact
09_OZ,09.OZ,10,-42.8958,147.2366,Australasia,Tasmania,GPL,2012,Hylidae,Wild,Y,09.OZ,100.0,exact
11_OZ,11.OZ,11,-17.887163,145.803852,Australasia,Australia,GPL,1998,Hylidae,Wild,Y,11.OZ,100.0,exact
12_OZ,12.OZ,12,-23.375,150.5117,Australasia,Australia,GPL,1999,Hylidae,Wild,Y,12.OZ,100.0,exact
13_OZ,13.OZ,13,-19.00711,146.20745,Australasia,Australia,GPL,2012,Hylidae,Wild,Y,13.OZ,100.0,exact
14_OZ,14.OZ,14,-15.8833,145.2333,Australasia,Australia,GPL,2005,Hylidae,Wild,Y,14.OZ,100.0,exact
15_OZ,15.OZ,15,-33.975066,149.160882,Australasia,Australia,GPL,2009,Hylidae,Wild,Y,15.OZ,100.0,exact
16_OZ,16.OZ,16,-41.606029,145.17334,Australasia,Australia,GPL,2012,Hylidae,Wild,N,16.OZ,100.0,exact
18_OZ,18.OZ,17,-41.606029,145.17334,Australasia,Australia,GPL,2012,Hylidae,Wild,N,18.OZ,100.0,exact
20_OZ,20.OZ,18,-41.595307,145.097013,Australasia,Australia,GPL,2012,Myobatrachidae,Wild,N,20.OZ,100.0,exact
22_OZ,22.OZ,19,-41.595307,145.097013,Australasia,Australia,GPL,2012,Myobatrachidae,Wild,N,22.OZ,100.0,exact
23_OZ,23.OZ,20,-17.307546,145.92344,Australasia,Australia,GPL,2012,Hylidae,Wild,Y,23.OZ,100.0,exact
24_OZ,24.OZ,21,-17.307546,145.92344,Australasia,Australia,GPL,2012,Hylidae,Wild,Y,24.OZ,100.0,exact
25_OZ,25.OZ,22,-17.307546,145.92344,Australasia,Australia,GPL,2012,Hylidae,Wild,Y,25.OZ,100.0,exact
28_OZ,28.OZ,23,-17.887163,145.803852,Australasia,Australia,GPL,2012,Hylidae,Wild,Y,28.OZ,100.0,exact
30_OZ,30.OZ,24,-17.887163,145.803852,Australasia,Australia,GPL,2012,Hylidae,Wild,Y,30.OZ,100.0,exact
33_OZ,33.OZ,25,-39.993839,148.055609,Australasia,Australia,GPL,2012,Hylidae,Wild,N,33.OZ,100.0,exact
34_OZ,34.OZ,26,-39.993839,148.055609,Australasia,Tasmania,GPL,2012,Myobatrachidae,Wild,N,34.OZ,100.0,exact
35_OZ,35.OZ,27,-18.979893,146.252557,Australasia,Australia,GPL,2013,Hylidae,Wild,Y,35.OZ,100.0,exact
36_OZ,36.OZ,28,,,Australasia,Australia,GPL,2013,Myobatrachidae,Experiment,,36.OZ,100.0,exact
37_OZ,37.OZ,29,,,Australasia,Australia,GPL,2013,Myobatrachidae,Experiment,,37.OZ,100.0,exact
38_OZ,38.OZ,30,-18.199257,145.844575,Australasia,Australia,GPL,2013,Hylidae,Wild,Y,38.OZ,100.0,exact
39_OZ,39.OZ,31,-18.199257,145.844575,Australasia,Australia,GPL,2013,Hylidae,Wild,Y,39.OZ,100.0,exact
40_OZ,40.OZ,32,-18.199257,145.844575,Australasia,Australia,GPL,2013,Hylidae,Wild,Y,40.OZ,100.0,exact
41_OZ,41.OZ,33,-32.993331,151.44575,Australasia,Australia,GPL,2013,Myobatrachidae,Wild,Y,41.OZ,100.0,exact
42_OZ,42.OZ,34,-32.993331,151.44575,Australasia,Australia,GPL,2013,Myobatrachidae,Wild,Y,42.OZ,100.0,exact
43_OZ,43.OZ,35,-32.993331,151.44575,Australasia,Australia,GPL,2013,Myobatrachidae,Wild,Y,43.OZ,100.0,exact
44_OZ,44.OZ,36,-36.4,148.6167,Australasia,Australia,GPL,2013,Hylidae,Wild,Y,44.OZ,100.0,exact
45_OZ,45.OZ,37,-36.4,148.6167,Australasia,Australia,GPL,2013,Hylidae,Wild,Y,45.OZ,100.0,exact
46_OZ,46.OZ,38,-36.4,148.6167,Australasia,Australia,GPL,2013,Hylidae,Wild,Y,46.OZ,100.0,exact
47_OZ,47.OZ,39,,,Australasia,Australia,GPL,2000,Hylidae,Captive,,47.OZ,100.0,exact
49_OZ,49.OZ,40,,,Australasia,Australasia,GPL,2014,Hylidae,Experiment,,49.OZ,100.0,exact
Acherito_c_15,Acherito.c_15,48,42.879167,-0.700833,Europe,France,GPL,2015,Alytidae,Wild,Y,Acherito.c.15,100.0,exact
ADMALA,ADMALA,41,36.87284,-4.06186,Europe,Spain,GPL,2012,Alytidae,Wild,Y,ADMALA,100.0,exact
BdBE5,Alyt21,49,50.742643,5.814315,Europe,Belgium,GPL,2016,Alytidae,Wild,Y,BdBE5,100.0,exact
ANS_13No10,ANS_13No10,42,42.88778333,-0.70885,Europe,France,GPL,2013,Alytidae,Wild,Y,ANS.13No10,100.0,exact
AoCH15,AoCH15_B,50,47.30691163,8.498080357,Europe,Switzerland,GPL,2015,Alytidae,Wild,N,,0.0,unmatched
AP15,AP15,43,40.057286,9.203291,Europe,Italy,GPL,2010,Alytidae,Wild,Y,,0.0,unmatched
Arlet_a_15,Arlet.a_15,51,42.840056,-0.615033,Europe,France,GPL,2015,Alytidae,Wild,N,Arlet.a.15,100.0,exact
AUL,AUL,44,42.885022,-0.480207,Europe,France,GPL,2010,Alytidae,Wild,Y,,0.0,unmatched
AVS2,AVS2,45,-44.1082229,-73.1190496,South America,Chile,GPL,2015,Batrachylidae,Wild,N,AVS2,100.0,exact
AVS4,AVS4,46,-34.9686871,-71.8375124,South America,Chile,GPL,2016,Pipidae,Wild,N,AVS4,100.0,exact
AVS7,AVS7,47,-39.834071,-73.222834,South America,Chile,GPL,2016,Calyptocephalellidae,Wild,Y,AVS7,100.0,exact
BAV_BRUCH_1,BAV_BRUCH_1,52,50.5393995,10.1541838,Europe,Germany,GPL,2013,Alytidae,Wild,Y,BAV.BRUCH.1,100.0,exact
BAV_OBER_1,BAV_OBER_1,53,50.4047222,10.2603113,Europe,Germany,GPL,2013,Alytidae,Wild,Y,BAV.OBER.1,100.0,exact
BAV_OBER_2,BAV_OBER_2,54,50.4047222,10.2603113,Europe,Germany,GPL,2013,Alytidae,Wild,Y,BAV.OBER.2,100.0,exact
BAV_OBER_3,BAV_OBER_3,55,50.4047222,10.2603113,Europe,Germany,GPL,2013,Alytidae,Wild,Y,BAV.OBER.3,100.0,exact
BdBE1,BdBE1,60,50.778095,4.619583,Europe,Belgium,GPL,2015,Alytidae,Wild,N,,0.0,unmatched
BdBE2,BdBE2,61,51.151561,5.180321,Europe,Belgium,GPL,2015,Ranidae,Wild,N,BdBE2,100.0,exact
BdBE3,BdBE3,62,50.690926,4.192698,Europe,Belgium,GPL,2015,Salamandridae,Wild,N,BdBE3,100.0,exact
BdBE4,BdBE4,63,51.357185,5.087353,Europe,Belgium,GPL,2016,Ranidae,Wild,N,BdBE4,100.0,exact
BdBE6,BdBE6,64,50.759485,5.768259,Europe,Belgium,GPL,2016,Salamandridae,Wild,N,BdBE6,100.0,exact
BEW2,BEW2,56,47.04966892,7.790279019,Europe,Switzerland,GPL,2010,Alytidae,Wild,N,,0.0,unmatched
BLI1,BLI1,57,47.45966669,7.783305696,Europe,Switzerland,GPL,2010,Alytidae,Wild,N,,0.0,unmatched
BdNL1,BOM2,58,50.819546,5.782573,Europe,Netherlands,GPL,2015,Alytidae,Wild,N,BdNL1,100.0,exact
BR1,BR1,59,47.00235746,7.758477968,Europe,Switzerland,GPL,2011,Alytidae,Wild,N,,0.0,unmatched
C2A,C2A,65,40.85,-3.9559,Europe,Spain,GPL,2002,Alytidae,Wild,Y,,0.0,unmatched
CH4,CH4,69,47.01269149,7.792667062,Europe,Switzerland,GPL,2011,Alytidae,Wild,N,,0.0,unmatched
CHAL3,CHAL3,70,47.47758693,7.766441066,Europe,Switzerland,GPL,2011,Alytidae,Wild,N,,0.0,unmatched
CJB4,CJB4,71,37.821289,-120.012849,North America,USA,GPL,2009,Ranidae,Wild,Y,,0.0,unmatched
CJB5-2,CJB5-2,72,37.084575,-118.533387,North America,USA,GPL,2009,Ranidae,Wild,Y,,0.0,unmatched
CJB7,CJB7,73,36.815925,-118.418644,North America,USA,GPL,2009,Ranidae,Wild,Y,,0.0,unmatched
CLFT021,CLFT021,75,-23.249292,-46.949915,South America,Brazil,GPL,2011,,Wild,N,,0.0,unmatched
CLFT023,CLFT023,76,-22.866361,-46.033068,South America,Brazil,GPL,2011,Hylidae,Wild,N,,0.0,unmatched
CLFT026,CLFT026,79,-24.590532,-48.626003,South America,Brazil,GPL,2011,Hylidae,Wild,N,,0.0,unmatched
CM21,CM21,86,44.939586,-0.517843,Europe,France,GPL,2015,Ranidae,Wild,N,CM21,100.0,exact
CM22,CM22,87,44.939586,-0.517843,Europe,France,GPL,2015,Ranidae,Wild,N,CM22,100.0,exact
CMT3,CMT3,88,44.939586,-0.517843,Europe,France,GPL,2015,Ranidae,Wild,N,CMT3,100.0,exact
CMT5,CMT5,89,44.939586,-0.517843,Europe,France,GPL,2015,Ranidae,Wild,N,CMT5,100.0,exact
CORN1,CORN1,90,50.3,-4.6,Europe,UK,GPL,2012,Salamandridae,Wild,N,CORN1,100.0,exact
CORN1B,CORN1B,91,50.342,-4.66,Europe,UK,GPL,2012,Salamandridae,Wild,N,CORN1B,100.0,exact
ETH2,ETH2,94,6.6865071,39.66411808,Africa,Ethiopia,GPL,2011,Hyperoliidae,Wild,N,,0.0,unmatched
ETH4,ETH4,95,6.7571667,39.7211917,Africa,Ethiopia,GPL,2011,Arthroleptidae,Wild,N,,0.0,unmatched
EV001,EV001,96,4.436667,-73.919444,South America,Colombia,GPL,2010,Aromobatidae,Wild,N,,0.0,unmatched
FG184,FG184,97,4.08829,-52.67952,South America,French Guiana,GPL,2015,Aromobatidae,Wild,Y,FG184,100.0,exact
FG32,FG32,98,4.08829,-52.67952,South America,French Guiana,GPL,2015,Dendrobatidae,Wild,Y,FG32,100.0,exact
HER3,HER3,99,47.022977,8.235105,Europe,Switzerland,GPL,2011,Alytidae,Wild,N,,0.0,unmatched
Hung_2014,Hung_2014,103,47.232612,17.642608,Europe,Hungary,GPL,2014,Bombinatoridae,Wild,,Hung.2014,100.0,exact
Hung_2039,Hung_2039,104,47.232612,17.642608,Europe,Hungary,GPL,2014,Bombinatoridae,Wild,N,Hung.2039,100.0,exact
Hung_2044,Hung_2044,105,47.232612,17.642608,Europe,Hungary,GPL,2014,Bombinatoridae,Wild,N,Hung.2044,100.0,exact
HYATT,HYATT,102,,,Australasia,Australia,GPL,1998,Hylidae,Wild,N,HYATT,100.0,exact
IA_11,IA_11,107,42.879167,-0.700833,Europe,Spain,GPL,2011,Alytidae,Wild,Y,IA.11,100.0,exact
IA_13No17,IA_13No17,108,42.879167,-0.700833,Europe,Spain,GPL,2013,Alytidae,Wild,Y,IA.13No17,100.0,exact
IA043_cryo,IA043_cryo,106,42.879167,-0.700833,Europe,Spain,GPL,2004,Alytidae,Wild,Y,IA043.cryo,100.0,exact
JEL238,JEL238,109,33.73083,-111.51417,North America,USA,GPL,1999,Ranidae,Wild,Y,,0.0,unmatched
JEL240,JEL240,110,44.90082,-68.665646,North America,USA,GPL,1999,Pipidae,Trade,N,JEL240,100.0,exact
JEL261,JEL261,111,46.79,-71.25,North America,Canada,GPL,1999,Ranidae,Wild,N,JEL261,100.0,exact
JEL267,JEL267,112,45.56501,-73.19131,North America,Canada,GPL,1999,Ranidae,Wild,N,,0.0,unmatched
JEL270,JEL270,113,38.068751,-122.806456,North America,USA,GPL,1999,Ranidae,Wild,N,JEL270,100.0,exact
JEL271,JEL271,114,38.068751,-122.806456,North America,USA,GPL,1999,Ranidae,Wild,N,,0.0,unmatched
JEL274,JEL274,115,40.779,-111.924,North America,USA,GPL,1999,Bufonidae,Wild,Y,JEL274,100.0,exact
JEL275,JEL275,116,39.689195,-105.640169,North America,USA,GPL,1999,Bufonidae,Wild,Y,,0.0,unmatched
JEL289,JEL289,117,44.946435,-68.64026,North America,USA,GPL,2000,Ranidae,Wild,N,,0.0,unmatched
JEL310,JEL310,118,8.708647,-82.170291,North America,Panama,GPL,2005,Hylidae,Wild,Y,,0.0,unmatched
JEL359,JEL359,119,44.46867,-71.185077,North America,USA,GPL,2002,Ranidae,Wild,N,,0.0,unmatched
JEL408,JEL408,120,8.620236,-80.583777,North America,Panama,GPL,2004,Dendrobatidae,Wild,Y,,0.0,unmatched
JEL423,JEL423_2014,121,8.5833,-82.5333,North America,Panama,GPL,2004,Hylomantis,Wild,Y,JEL423,100.0,exact
JEL427,JEL427,122,18.299386,-65.77925,North America,Puerto Rico,GPL,2004,Eleutherodactylidae,Wild,N,,0.0,unmatched
JEL429,JEL429,123,8.6076,-71.152681,South America,Venezuela,GPL,2005,Ranidae,Wild,N,,0.0,unmatched
JEL433,JEL433,124,-29.983039,19.374335,Africa,South Africa,GPL,2005,Pipidae,Wild,N,,0.0,unmatched
JEL627,JEL627,125,44.404459,-70.789881,North America,USA,GPL,2009,Ranidae,Wild,N,,0.0,unmatched
L2203,L2203,137,16.743,-62.1873,North America,France OST,GPL,2009,Leptodactylidae,Wild,Y,L2203,100.0,exact
LBAbercrom,LBAbercrom,138,-33.378091,149.545924,Australasia,Australia,GPL,2009,Hylidae,Wild,Y,,0.0,unmatched
LHURS_11No1,LHURS_11No1,139,42.92205,-0.702633333,Europe,France,GPL,2011,Alytidae,Wild,Y,LHURS.11No1,100.0,exact
LHURS_11No7,LHURS_11No7,140,42.92205,-0.702633333,Europe,France,GPL,2011,Alytidae,Wild,Y,LHURS.11No7,100.0,exact
MAD,MAD,142,42.867513,0.144952,Europe,France,GPL,2010,Alytidae,Wild,Y,,0.0,unmatched
UKMAL05,MAL05,143,52.08269004,-2.344787335,Europe,UK,GPL,2011,Salamandridae,Wild,N,,0.0,unmatched
MC94,MC94,145,-22.901675,30.696089,Africa,South Africa,GPL,2008,Pipidae,Wild,N,MC94,100.0,exact
MCT8,MCT8,146,-34.093316,18.42167,Africa,South Africa,GPL,2008,Pyxicephalidae,Wild,N,MCT8,100.0,exact
MexMkt,MexMkt,154,19.432605,-99.133372,North America,Mexico,GPL,2009,Ambystomatidae,Trade,Y,,0.0,unmatched
MG3,MG3,148,-27.682836,29.57863,Africa,South Africa,GPL,2008,Pyxicephalidae,Wild,N,,0.0,unmatched
MG4,MG4,149,-34.093316,18.42167,Africa,South Africa,GPL,2008,Pyxicephalidae,Wild,N,,0.0,unmatched
MG8,MG8,150,-23.85,30.033333,Africa,South Africa,GPL,2008,Pyxicephalidae,Wild,N,,0.0,unmatched
MLA1,MLA1,151,-32.406266,-65.98798,South America,Argentina,GPL,2009,Hylidae,Wild,Y,,0.0,unmatched
MODS27_3,MODS27.3,152,40.745833,9.361111,Europe,Italy,GPL,2010,Alytidae,Wild,Y,,0.0,unmatched
MODS28,MODS28,153,40.745833,9.361111,Europe,Italy,GPL,2010,Alytidae,Wild,N,,0.0,unmatched
NBRC106979,NBRC106979,155,35.576435,139.388626,Asia,Japan,GPL,2007,Ceratophryidae,Wild,N,,0.0,unmatched
PENNEWT,PENNEWT,157,40.85,-3.9559,Europe,Spain,GPL,2011,Salamandridae,Wild,Y,PENNEWT,100.0,exact
PENS-2-4,PENS-2.4,158,40.839869,-3.957348,Europe,Spain,GPL,2014,Salamandridae,Wild,Y,PENS.2.4,100.0,exact
PENS-9-2,PENS-9.2,159,40.839869,-3.957348,Europe,Spain,GPL,2014,Salamandridae,Wild,Y,PENS.9.2,100.0,exact
picosAo1,picosAo1,235,43.26418,-4.95328,Europe,Spain,GPL,2010,Alytidae,Wild,Y,picosAo1,100.0,exact
PNP15150,PNP15150,160,42.92205,-0.702633333,Europe,France,GPL,2015,Alytidae,Wild,Y,PNP15150,100.0,exact
PNP15153,PNP15153,161,42.92205,-0.702633333,Europe,France,GPL,2015,Alytidae,Wild,Y,PNP15153,100.0,exact
PUITS_11,PUITS_11,162,42.86428333,-0.6332,Europe,France,GPL,2011,Alytidae,Wild,Y,PUITS.11,100.0,exact
RAB1,RAB1,163,42.852876,0.144684,Europe,France,GPL,2012,Alytidae,Wild,N,,0.0,unmatched
RAS3,RAS3,164,47.014894,8.193292,Europe,Switzerland,GPL,2011,Alytidae,Wild,N,,0.0,unmatched
RC4,RC4,165,47.591329,1.897041,Europe,France,GPL,2010,Ranidae,Wild,N,RC4,100.0,exact
RC5_1,RC5.1_2015,166,47.591329,1.897041,Europe,France,GPL,2010,Ranidae,Wild,N,RC5.1,100.0,exact
REPSOL,REPSOL,167,44.591229,-0.517809,Europe,France,GPL,2012,Ranidae,Wild,N,,0.0,unmatched
SA-EC1,SA-EC1,168,-30.598095,29.894511,Africa,South Africa,GPL,2015,Pyxicephalidae,Wild,N,SA.EC1,100.0,exact
SA-NC1,SA-NC1,170,-28.91356,19.0014167,Africa,South Africa,GPL,2015,Pyxicephalidae,Wild,N,SA.NC1,100.0,exact
SA-NC10,SA-NC10,171,-28.69598,17.597361,Africa,South Africa,GPL,2015,Pyxicephalidae,Wild,N,SA.NC10,100.0,exact
SA-NC2,SA-NC2,172,-28.91356,19.0014167,Africa,South Africa,GPL,2015,Pyxicephalidae,Wild,N,SA.NC2,100.0,exact
SA-NC3,SA-NC3,173,-28.91356,19.0014167,Africa,South Africa,GPL,2015,Pyxicephalidae,Wild,N,SA.NC3,100.0,exact
SA-NC4,SA-NC4,174,-28.91356,19.0014167,Africa,South Africa,GPL,2015,Pyxicephalidae,Wild,N,SA.NC4,100.0,exact
SA-NC5,SA-NC5,175,-28.91356,19.0014167,Africa,South Africa,GPL,2015,Pyxicephalidae,Wild,N,SA.NC5,100.0,exact
SA-NC6,SA-NC6,176,-28.73725,19.299222,Africa,South Africa,GPL,2015,Pyxicephalidae,Wild,N,SA.NC6,100.0,exact
SA-NC7,SA-NC7,177,-28.73725,19.299222,Africa,South Africa,GPL,2015,Pyxicephalidae,Wild,N,SA.NC7,100.0,exact
SA-NC8,SA-NC8,178,-28.69598,17.597361,Africa,South Africa,GPL,2015,Pyxicephalidae,Wild,N,SA.NC8,100.0,exact
SA-NC9,SA-NC9,179,-28.69598,17.597361,Africa,South Africa,GPL,2015,Pyxicephalidae,Wild,Y,SA.NC9,100.0,exact
SAEC-6,SAEC-6,186,-30.72189,26.9064555,Africa,South Africa,GPL,2016,Pyxicephalidae,Wild,N,SAEC.6,100.0,exact
SAEC-7,SAEC-7,187,-30.72189,26.9064555,Africa,South Africa,GPL,2016,Pyxicephalidae,Wild,Y,SAEC.7,100.0,exact
SCH,SCH,194,47.027141,8.281869,Europe,Switzerland,GPL,2011,Alytidae,Wild,N,,0.0,unmatched
SFBC014,SFBC014,195,54.425439,-3.513852,Europe,UK,GPL,2010,Bufonidae,Wild,Y,,0.0,unmatched
SP10,SP10,196,40.5275,9.588056,Europe,Italy,GPL,2010,Alytidae,Wild,N,,0.0,unmatched
SRS812,SRS812,197,33.391525,-81.716981,North America,USA,GPL,2006,Ranidae,Wild,N,,0.0,unmatched
STR3,STR3,198,47.48398671,7.800976577,Europe,Switzerland,GPL,2011,Alytidae,Wild,N,,0.0,unmatched
SWED-40-5-04,SWED-40.5.04,199,55.633978,13.005419,Europe,Sweden,GPL,2016,Bufonidae,Wild,N,SWED.40.5.04,100.0,exact
SWED-40-5-13,SWED-40.5.13,200,55.633978,13.005419,Europe,Sweden,GPL,2016,Bufonidae,Wild,N,SWED.40.5.13,100.0,exact
SWED-40-5-14,SWED-40.5.14,201,55.633978,13.005419,Europe,Sweden,GPL,2016,Bufonidae,Wild,N,SWED.40.5.14,100.0,exact
SWED-40-5-17,SWED-40.5.17,202,55.633978,13.005419,Europe,Sweden,GPL,2016,Bufonidae,Wild,N,SWED.40.5.17,100.0,exact
SWED-40-5-22,SWED-40.5.22,203,55.633978,13.005419,Europe,Sweden,GPL,2016,Bufonidae,Wild,N,SWED.40.5.22,100.0,exact
SWISS_IT1,SWISS_IT1,204,47.469756,7.78906,Europe,Switzerland,GPL,2011,Alytidae,Wild,N,SWISS.IT1,100.0,exact
TER_1_1,TER_1.1,205,40.50787,-0.50932,Europe,Spain,GPL,2013,Alytidae,Wild,N,TER.1.1,100.0,exact
TER_3_1,TER_3.1,206,40.50787,-0.50932,Europe,Spain,GPL,2014,Alytidae,Wild,N,TER.3.1,100.0,exact
TER_4_2,TER_4.2,207,40.50787,-0.50932,Europe,Spain,GPL,2014,Alytidae,Wild,Y,,0.0,unmatched
TORO1,TORO1,209,41.42356,-5.34387,Europe,Spain,GPL,2011,Alytidae,Wild,N,,0.0,unmatched
TRAX,TRAX,210,51.536586,-0.153405,Europe,UK,GPL,2012,Ambystomatidae,Trade,N,,0.0,unmatched
TRNR1,TRNR1,213,51.536586,-0.153405,Europe,UK,GPL,2012,Salamandridae,Trade,Y,,0.0,unmatched
TST75,TST75,214,37.974375,-119.305706,North America,USA,GPL,2007,Ranidae,Wild,N,,0.0,unmatched
TW16-050,TW16-050,215,23.91898,120.88251,Asia,Taiwan,GPL,2016,Ranidae,Wild,N,TW16.050,100.0,exact
TW16-164,TW16-164,216,23.82602,120.85744,Asia,Taiwan,GPL,2016,Ranidae,Wild,N,TW16.164,100.0,exact
TW16-206,TW16-206,217,23.94846,120.85157,Asia,Taiwan,GPL,2016,Ranidae,Wild,N,TW16.206,100.0,exact
TW16-279,TW16-279,218,23.94957,120.85352,Asia,Taiwan,GPL,2016,Ranidae,Wild,N,TW16.279,100.0,exact
TW16-280,TW16-280,219,23.94957,120.85352,Asia,Taiwan,GPL,2016,Ranidae,Wild,N,TW16.280,100.0,exact
TW16-292,TW16-292,220,23.94957,120.85352,Asia,Taiwan,GPL,2016,Ranidae,Wild,N,TW16.292,100.0,exact
TW16-293,TW16-293,221,23.94957,120.85352,Asia,Taiwan,GPL,2016,Ranidae,Wild,N,TW16.293,100.0,exact
TW16-295,TW16-295,222,23.94957,120.85352,Asia,Taiwan,GPL,2016,Ranidae,Wild,N,TW16.295,100.0,exact
TW16-304,TW16-304,223,23.94957,120.85352,Asia,Taiwan,GPL,2016,Ranidae,Wild,N,TW16.304,100.0,exact
TW16-519,TW16-519,224,23.9186,120.88485,Asia,Taiwan,GPL,2016,Ranidae,Wild,N,TW16.519,100.0,exact
UG3,UG3,225,1.7271,31.5469,Africa,Uganda,GPL,2012,Bufonidae,Wild,N,,0.0,unmatched
UKBEL,UKBEL,226,51.171,-0.271,Europe,UK,GPL,2012,Salamandridae,Wild,N,UKBEL,100.0,exact
UKBER,UKBER,227,51.171,-0.271,Europe,UK,GPL,2012,Ranidae,Wild,N,UKBER,100.0,exact
UKMAB,UKMAB,228,54.818,-3.421,Europe,UK,GPL,2012,Bufonidae,Wild,N,UKMAB,100.0,exact
UKSHB,UKSHB,229,54.171,-3.226,Europe,UK,GPL,2012,Bufonidae,Wild,N,,0.0,unmatched
UKTVB,UKTVB,230,51.147313,0.091876,Europe,UK,GPL,2007,Salamandridae,Wild,N,UKTVB,100.0,exact
VA02,VA02,232,40.30079,-0.33281,Europe,Spain,GPL,2008,Alytidae,Wild,N,VA02,100.0,exact
VC1,VC1,233,49.6518,-125.4493,North America,Canada,GPL,2009,Ranidae,Wild,N,,0.0,unmatched
VOR3,VOR3,234,46.98282173,7.764210692,Europe,Switzerland,GPL,2011,Alytidae,Wild,N,,0.0,unmatched
739,739,7,47.30691163,8.498080357,Europe,Switzerland,CH,2007,Alytidae,Wild,N,,0.0,unmatched
CAE2,CAE2,66,51.53659,-0.153415,Europe,UK,CAPE,2012,Dermophiidae,Trade,N,,0.0,unmatched
CCB1,CCB1,67,39.87533,2.856399,Europe,Spain,CAPE,2007,Alytidae,Wild,N,CCB1,100.0,exact
CCB15,CCB15,68,39.87533,2.856399,Europe,Mallorca,CAPE,2015,Alytidae,Wild,N,CCB15,100.0,exact
DB8-4,DB8-4,92,-28.760278,28.896389,Africa,South Africa,CAPE,2016,Pyxicephalidae,Wild,Y,DB8.4,100.0,exact
DB8-2,DB8.2,93,-28.760278,28.896389,Africa,South Africa,CAPE,2016,Pyxicephalidae,Wild,Y,DB8.2,100.0,exact
HR1,HR1,100,51.53659,-0.153415,Europe,UK,CAPE,2013,Hyperoliidae,Trade,N,HR1,100.0,exact
HR5,HR5,101,51.53659,-0.153415,Europe,UK,CAPE,2013,Hyperoliidae,Trade,N,HR5,100.0,exact
LM2,LM2,141,51.53659,-0.153415,Europe,UK,CAPE,2013,Arthroleptidae,Trade,N,LM2,100.0,exact
MC58,MC58,144,-23.81647,30.0238,Africa,South Africa,CAPE,2008,Heleophrynidae,Wild,N,MC58,100.0,exact
MG1,MG1,147,-28.844605,29.054547,Africa,South Africa,CAPE,2008,Pyxicephalidae,Wild,N,,0.0,unmatched
NTA6,NTA6,156,5.250917,9.573917,Africa,Cameroon,CAPE,2012,Hyperoliidae,Wild,N,,0.0,unmatched
SA1d,SA1d,180,-28.71986,28.92375,Africa,South Africa,CAPE,2010,Heleophrynidae,Wild,N,,0.0,unmatched
SA3e,SA3e,181,-29.02242,30.58106,Africa,South Africa,CAPE,2010,Pyxicephalidae,Wild,N,SA3e,100.0,exact
SA4c,SA4c,182,-29.02242,30.58106,Africa,South Africa,CAPE,2010,Pyxicephalidae,Wild,N,,0.0,unmatched
SA5c,SA5c,183,-29.02242,30.58106,Africa,South Africa,CAPE,2010,Pyxicephalidae,Wild,N,SA5c,100.0,exact
SA6e,SA6e,184,-29.02242,30.58106,Africa,South Africa,CAPE,2010,Pyxicephalidae,Wild,N,SA6e,100.0,exact
SAFS-1,SAFS-1,188,-28.75064,28.871361,Africa,South Africa,CAPE,2016,Pyxicephalidae,Wild,Y,SAFS.1,100.0,exact
SAKN-1,SAKN-1,189,-28.75231,28.894361,Africa,South Africa,CAPE,2016,Pyxicephalidae,Wild,Y,SAKN.1,100.0,exact
SAKN-3,SAKN-3,190,-28.76028,28.896389,Africa,South Africa,CAPE,2016,Pyxicephalidae,Wild,N,SAKN.3,100.0,exact
SAKN-4,SAKN-4,191,-28.71981,28.923611,Africa,South Africa,CAPE,2016,Heleophrynidae,Wild,N,SAKN.4,100.0,exact
SAKN-5,SAKN-5,192,-28.71981,28.923611,Africa,South Africa,CAPE,2016,Heleophrynidae,Wild,N,SAKN.5,100.0,exact
SAKN-6,SAKN-6,193,-28.71981,28.923611,Africa,South Africa,CAPE,2016,Heleophrynidae,Wild,N,SAKN.6,100.0,exact
TF5a1,TF5a1,208,39.85755444,2.837379981,Europe,Spain,CAPE,2007,Alytidae,Wild,Y,,0.0,unmatched
TRBOMB,TRBOMB,211,51.046322,3.727932,Europe,Belgium,CAPE,2012,Bombinatoridae,Trade,N,,0.0,unmatched
CLFT001,CLFT001,74,-23.249292,-46.949915,South America,Brazil,ASIA-2,2010,Hylodidae,Wild,N,CLFT001,100.0,exact
CLFT061,CLFT061,80,-26.77046,-49.19247,South America,Brazil,ASIA-2,2013,Hylodidae,Wild,N,CLFT061,100.0,exact
CLFT065,CLFT065,81,-23.25231,-46.94758,South America,Brazil,ASIA-2,2013,Hylodidae,Wild,N,CLFT065,100.0,exact
CLFT067,CLFT067,82,-23.25231,-46.94758,South America,Brazil,ASIA-2,2013,Hylodidae,Wild,N,CLFT067,100.0,exact
CLFT071,CLFT071,83,-23.25231,-46.94758,South America,Brazil,ASIA-2,2013,Hylodidae,Wild,N,CLFT071,100.0,exact
CLFT136,CLFT136,84,-25.36387,-48.87675,South America,Brazil,ASIA-2,2014,Hylodidae,Wild,N,CLFT136,100.0,exact
CLFT144,CLFT144,85,-25.36387,-48.87675,South America,Brazil,ASIA-2,2014,Hylodidae,Wild,N,CLFT144,100.0,exact
KB108,KB108,126,37.18010366,126.7563225,Asia,South Korea,ASIA-2,2014,Ranidae,Wild,N,KB108,100.0,exact
KB23,KB23,127,38.1298,127.7657,Asia,South Korea,ASIA-2,2014,Ranidae,Wild,N,KB23,100.0,exact
KB45,KB45,129,36.13737,127.38169,Asia,South Korea,ASIA-2,2014,Ranidae,Wild,N,KB45,100.0,exact
KB72,KB72,130,36.13737,127.38169,Asia,South Korea,ASIA-2,2014,Ranidae,Wild,N,KB72,100.0,exact
UM142,UM142,231,42.241148,-83.613008,North America,USA,ASIA-2,2009,Ranidae,Trade,N,,0.0,unmatched
KB347,KB347,128,38.1298,127.7657,Asia,South Korea,ASIA-1,2014,Bombinatoridae,Wild,N,KB347,100.0,exact
KBO_317,KBO_317,131,38.1298,127.7657,Asia,South Korea,ASIA-1,2014,Bombinatoridae,Wild,N,KBO.317,100.0,exact
KBO_319,KBO_319,132,38.1298,127.7657,Asia,South Korea,ASIA-1,2014,Bombinatoridae,Wild,N,KBO.319,100.0,exact
KBO_327,KBO_327,133,38.1298,127.7657,Asia,South Korea,ASIA-1,2014,Bombinatoridae,Wild,N,KBO.327,100.0,exact
KRBOOR_317,KRBOOR_317,134,38.1298,127.7657,Asia,South Korea,ASIA-1,2014,Bombinatoridae,Wild,N,KRBOOR.317,100.0,exact
KRBOOR_323,KRBOOR_323,135,38.1298,127.7657,Asia,South Korea,ASIA-1,2014,Bombinatoridae,Wild,N,,0.0,unmatched
KRBOOR_331,KRBOOR_331,136,38.1298,127.7657,Asia,South Korea,ASIA-1,2014,Bombinatoridae,Wild,N,KRBOOR.331,100.0,exact
TRBOOR,TRBOOR_11,212,51.046322,3.727932,Europe,Belgium,ASIA-1,2012,Bombinatoridae,Trade,N,,0.0,unmatched
CLFT024/2,CLFT024_2,78,-25.35899,-48.87857,South America,Brazil,HYBRID,2011,Hylodidae,Wild,N,,0.0,unmatched
SA-EC3,SA-EC3,169,-32.51572,26.934611,Africa,South Africa,HYBRID,2015,Pyxicephalidae,Wild,N,SA.EC3,100.0,exact
SAEC-5,SAEC-5,185,-30.72189,26.9064555,Africa,South Africa,HYBRID,2016,Pyxicephalidae,Wild,N,SAEC.5,100.0,exact
