Accession_ID,Dataset,DatasetLevel,BioSample
GCA_001713645.1,Coccidioides,General,
GCA_000149815.1,Coccidioides,General,
GCA_020976775.1,Coccidioides,General,
GCA_018416015.2,Coccidioides,General,
GCA_000150055.1,Coccidioides,General,
GCA_000150735.2,Coccidioides,General,
GCA_000150645.1,Coccidioides,General,
GCA_000150085.1,Coccidioides,General,
GCA_000151335.1,Coccidioides,General,
GCA_000150245.1,Coccidioides,General,
GCA_000150185.1,Coccidioides,General,
GCA_000150555.1,Coccidioides,General,
GCA_000170175.2,Coccidioides,General,
GCA_004115165.2,Coccidioides,General,
GCA_000149895.1,Coccidioides,General,
GCA_000150585.1,Coccidioides,General,
GCA_000149335.2,Coccidioides,General,
GCA_000150215.1,Coccidioides,General,
GCA_001713695.1,Coccidioides,General,
GCA_000150705.2,Coccidioides,General,
GCA_020976795.1,Coccidioides,General,
GCA_000150615.1,Coccidioides,General,
GCA_000150475.2,Coccidioides,General,
GCA_000520075.1,Aphanomyces,General,
GCA_009835205.1,Aphanomyces,General,
GCA_003546565.1,Aphanomyces,General,
GCA_021527685.1,Aphanomyces,General,
GCA_003546585.1,Aphanomyces,General,
GCA_003546825.1,Aphanomyces,General,
GCA_021527745.1,Aphanomyces,General,
GCA_021527805.1,Aphanomyces,General,
GCA_000520115.1,Aphanomyces,General,
GCA_009835185.1,Aphanomyces,General,
GCA_002081595.1,Aphanomyces,General,
GCA_002081575.1,Aphanomyces,General,
GCA_021527665.1,Aphanomyces,General,
GCA_003666305.1,Aphanomyces,General,
GCA_000281045.1,Aphanomyces,General,
GCA_019828595.1,Aphanomyces,General,
GCA_003546765.1,Aphanomyces,General,
GCA_021527785.1,Aphanomyces,General,
GCA_000151545.2,Aphanomyces,General,
GCA_003546605.1,Aphanomyces,General,
GCA_003546805.1,Aphanomyces,General,
GCA_002197585.2,Aphanomyces,General,
GCA_900312765.1,Aphanomyces,General,
GCA_009835175.1,Aphanomyces,General,
GCA_900243735.1,Aphanomyces,General,
GCA_900708865.1,Aphanomyces,General,
GCA_003546545.1,Aphanomyces,General,
GCA_003546785.1,Aphanomyces,General,
GCA_003546525.1,Aphanomyces,General,
GCA_003546625.1,Aphanomyces,General,
GCA_001707655.1,Puccinia,General,
GCA_002008965.1,Puccinia,General,
GCA_046128785.1,Puccinia,General,
GCA_019395275.1,Puccinia,General,
GCA_002920205.1,Puccinia,General,
GCA_050655635.1,Puccinia,General,
GCA_001707215.1,Puccinia,General,
GCA_001707045.1,Puccinia,General,
GCA_021901695.1,Puccinia,General,
GCA_021901655.1,Puccinia,General,
GCA_000151525.2,Puccinia,General,
GCA_000342525.1,Puccinia,General,
GCA_001707385.1,Puccinia,General,
GCA_039519225.1,Puccinia,General,
GCA_001707355.1,Puccinia,General,
GCA_007896445.1,Puccinia,General,
GCA_001706825.1,Puccinia,General,
GCA_001263375.1,Puccinia,General,
GCA_025169555.1,Puccinia,General,
GCA_026914185.1,Puccinia,General,
GCA_001191645.1,Puccinia,General,
GCA_001707095.1,Puccinia,General,
GCA_001936605.2,Puccinia,General,
GCA_000785685.1,Puccinia,General,
GCA_000342545.1,Puccinia,General,
GCA_002008925.1,Puccinia,General,
GCA_001624995.1,Puccinia,General,
GCA_026914245.1,Puccinia,General,
GCA_001707295.1,Puccinia,General,
GCA_050613845.1,Puccinia,General,
GCA_004348175.1,Puccinia,General,
GCA_025869495.1,Puccinia,General,
GCA_001707345.1,Puccinia,General,
GCA_000223505.1,Puccinia,General,
GCA_002920065.1,Puccinia,General,
GCA_029618635.1,Puccinia,General,
GCA_001707035.1,Puccinia,General,
GCA_001706815.1,Puccinia,General,
GCA_011750625.1,Puccinia,General,
GCA_001707415.1,Puccinia,General,
GCA_001706785.1,Puccinia,General,
GCA_013090125.1,Puccinia,General,
GCA_002008935.1,Puccinia,General,
GCA_025169535.1,Puccinia,General,
GCA_001707075.1,Puccinia,General,
GCA_025869475.1,Puccinia,General,
GCA_039519205.1,Puccinia,General,
GCA_000149925.1,Puccinia,General,
GCA_029618625.1,Puccinia,General,
GCA_001706745.1,Puccinia,General,
GCA_011750755.1,Puccinia,General,
GCA_050613835.1,Puccinia,General,
GCA_015502455.1,Mortierellaceae,General,
GCA_025330735.1,Mortierellaceae,General,
GCA_014973025.1,Mortierellaceae,General,
GCA_015502475.1,Mortierellaceae,General,
GCA_015852435.1,Mortierellaceae,General,
GCA_015679425.1,Mortierellaceae,General,
GCA_015679645.1,Mortierellaceae,General,
GCA_015502485.1,Mortierellaceae,General,
GCA_015852495.1,Mortierellaceae,General,
GCA_019788775.1,Mortierellaceae,General,
GCA_029449235.1,Mortierellaceae,General,
GCA_033807515.1,Mortierellaceae,General,
GCA_000739165.1,Mortierellaceae,General,
GCA_016098035.1,Mortierellaceae,General,
GCA_015849325.1,Mortierellaceae,General,
GCA_015679415.1,Mortierellaceae,General,
GCA_016097945.1,Mortierellaceae,General,
GCA_036320915.1,Mortierellaceae,General,
GCA_015847195.1,Mortierellaceae,General,
GCA_033807475.1,Mortierellaceae,General,
GCA_015502465.1,Mortierellaceae,General,
GCA_023925345.1,Mortierellaceae,General,
GCA_019671135.1,Mortierellaceae,General,
GCA_016098045.1,Mortierellaceae,General,
GCA_015847185.1,Mortierellaceae,General,
GCA_016097865.1,Mortierellaceae,General,
GCA_015679605.1,Mortierellaceae,General,
GCA_015680655.1,Mortierellaceae,General,
GCA_016097895.1,Mortierellaceae,General,
GCA_015852375.1,Mortierellaceae,General,
GCA_011634665.1,Mortierellaceae,General,
GCA_001651415.1,Mortierellaceae,General,
GCA_023091675.1,Mortierellaceae,General,
GCA_015852385.1,Mortierellaceae,General,
GCA_025677895.1,Mortierellaceae,General,
GCA_000507065.1,Mortierellaceae,General,
GCA_016097855.1,Mortierellaceae,General,
GCA_015679535.1,Mortierellaceae,General,
GCA_015852395.1,Mortierellaceae,General,
GCA_025603085.1,Mortierellaceae,General,
GCA_016098005.1,Mortierellaceae,General,
GCA_016098085.1,Mortierellaceae,General,
GCA_001021685.1,Mortierellaceae,General,
GCA_016097925.1,Mortierellaceae,General,
GCA_015679695.1,Mortierellaceae,General,
GCA_015502445.1,Mortierellaceae,General,
GCA_016098025.1,Mortierellaceae,General,
GCA_029449245.1,Mortierellaceae,General,
GCA_015852415.1,Mortierellaceae,General,
GCA_015502505.1,Mortierellaceae,General,
GCA_015679495.1,Mortierellaceae,General,
GCA_016098165.1,Mortierellaceae,General,
GCA_000240685.2,Mortierellaceae,General,
GCA_015679595.1,Mortierellaceae,General,
GCA_015679545.1,Mortierellaceae,General,
GCA_015679515.1,Mortierellaceae,General,
GCA_020744185.1,Mortierellaceae,General,
GCA_015502575.1,Mortierellaceae,General,
GCA_015852425.1,Mortierellaceae,General,
GCA_022750515.1,Mortierellaceae,General,
GCA_015680625.1,Mortierellaceae,General,
GCA_015529785.1,Mortierellaceae,General,
GCA_015680635.1,Mortierellaceae,General,
GCA_015847235.1,Mortierellaceae,General,
GCA_015679405.1,Mortierellaceae,General,
GCA_015849285.1,Mortierellaceae,General,
GCA_015849305.1,Mortierellaceae,General,
GCA_015679485.1,Mortierellaceae,General,
GCA_000318465.3,PhytophthoraClade8,General,
GCA_000468175.2,PhytophthoraClade8,General,
GCA_020800235.1,PhytophthoraClade8,General,
GCA_000338795.2,PhytophthoraClade8,General,
GCA_001933405.1,PhytophthoraClade8,General,
GCA_001933415.1,PhytophthoraClade8,General,
GCA_001278165.1,PhytophthoraClade8,General,
GCA_035080225.1,PhytophthoraClade8,General,
GCA_001278225.1,PhytophthoraClade8,General,
GCA_001933485.1,PhytophthoraClade8,General,
GCA_024679025.1,PhytophthoraClade8,General,
GCA_000340395.2,PhytophthoraClade8,General,
GCA_000338815.2,PhytophthoraClade8,General,
GCA_001933325.1,PhytophthoraClade8,General,
GCA_000333055.2,PhytophthoraClade8,General,
GCA_000149735.1,PhytophthoraClade8,General,
GCA_020800225.1,PhytophthoraClade8,General,
GCA_001278235.1,PhytophthoraClade8,General,
GCA_001278135.1,PhytophthoraClade8,General,
GCA_012656075.1,PhytophthoraClade8,General,
GCA_024679135.1,PhytophthoraClade8,General,
GCA_020800205.1,PhytophthoraClade8,General,
GCA_000500205.2,PhytophthoraClade8,General,
GCA_001955675.1,PhytophthoraClade8,General,
GCA_012656105.1,PhytophthoraClade8,General,
GCA_024679005.1,PhytophthoraClade8,General,
GCA_001933395.1,PhytophthoraClade8,General,
GCA_002968915.1,PhytophthoraClade8,General,
GCA_004343245.1,PhytophthoraClade8,General,
GCA_001278155.1,PhytophthoraClade8,General,
GCA_024679045.1,PhytophthoraClade8,General,
GCA_001933335.1,PhytophthoraClade8,General,
GCA_001933315.1,PhytophthoraClade8,General,
GCA_001933345.1,PhytophthoraClade8,General,
GCA_000336535.2,PhytophthoraClade8,General,
GCA_001278145.1,PhytophthoraClade8,General,
GCA_020800215.1,PhytophthoraClade8,General,
GCA_003956735.1,PhytophthoraClade8,General,
GCA_001278215.1,PhytophthoraClade8,General,
GCA_001933455.1,PhytophthoraClade8,General,
GCA_001933465.1,PhytophthoraClade8,General,
GCA_016864855.1,PhytophthoraClade1,General,
GCA_017309695.1,PhytophthoraClade1,General,
GCA_030374175.1,PhytophthoraClade1,General,
GCA_000509505.1,PhytophthoraClade1,General,
GCA_003328465.1,PhytophthoraClade1,General,
GCA_016864715.1,PhytophthoraClade1,General,
GCA_016865075.1,PhytophthoraClade1,General,
GCA_000509465.1,PhytophthoraClade1,General,
GCA_012658955.1,PhytophthoraClade1,General,
GCA_011316315.1,PhytophthoraClade1,General,
GCA_016865085.1,PhytophthoraClade1,General,
GCA_000365505.1,PhytophthoraClade1,General,
GCA_018873755.1,PhytophthoraClade1,General,
GCA_030374205.1,PhytophthoraClade1,General,
GCA_016864665.1,PhytophthoraClade1,General,
GCA_016865095.1,PhytophthoraClade1,General,
GCA_012295175.1,PhytophthoraClade1,General,
GCA_016864635.1,PhytophthoraClade1,General,
GCA_016864755.1,PhytophthoraClade1,General,
GCA_000365545.1,PhytophthoraClade1,General,
GCA_016864815.1,PhytophthoraClade1,General,
GCA_001661535.1,PhytophthoraClade1,General,
GCA_002081965.1,PhytophthoraClade1,General,
GCA_000509525.1,PhytophthoraClade1,General,
GCA_016864735.1,PhytophthoraClade1,General,
GCA_016864695.1,PhytophthoraClade1,General,
GCA_001483015.1,PhytophthoraClade1,General,
GCA_030374195.1,PhytophthoraClade1,General,
GCA_016880175.1,PhytophthoraClade1,General,
GCA_000365525.1,PhytophthoraClade1,General,
GCA_016864835.1,PhytophthoraClade1,General,
GCA_000367145.1,PhytophthoraClade1,General,
GCA_016906365.1,PhytophthoraClade1,General,
GCA_016864775.1,PhytophthoraClade1,General,
GCA_000247585.2,PhytophthoraClade1,General,
GCA_003287315.1,PhytophthoraClade1,General,
GCA_011320135.1,PhytophthoraClade1,General,
GCA_030374185.1,PhytophthoraClade1,General,
GCA_030374165.1,PhytophthoraClade1,General,
GCA_016880985.1,PhytophthoraClade1,General,
GCA_012552325.1,PhytophthoraClade1,General,
GCA_033557935.1,PhytophthoraClade1,General,
GCA_001482985.1,PhytophthoraClade1,General,
GCA_016864655.1,PhytophthoraClade1,General,
GCA_016864795.1,PhytophthoraClade1,General,
GCA_026225685.1,PhytophthoraClade1,General,
GCA_010194725.1,PhytophthoraClade1,General,
GCA_033557905.1,PhytophthoraClade1,General,
GCA_000142945.1,PhytophthoraClade1,General,
GCA_016865055.1,PhytophthoraClade1,General,
GCA_000509485.1,PhytophthoraClade1,General,
SRR6384787,MagnaportheOryzae,Subspecies,
SRR6384807,MagnaportheOryzae,Subspecies,
GCA_003017045.1,MagnaportheOryzae,Subspecies,
SRR6384770,MagnaportheOryzae,Subspecies,
SRR6384799,MagnaportheOryzae,Subspecies,
GCA_003016635.1,MagnaportheOryzae,Subspecies,
GCA_003015635.1,MagnaportheOryzae,Subspecies,
GCA_003016495.1,MagnaportheOryzae,Subspecies,
GCA_003015495.1,MagnaportheOryzae,Subspecies,
GCA_003016105.1,MagnaportheOryzae,Subspecies,
GCA_003016855.1,MagnaportheOryzae,Subspecies,
SRR6384809,MagnaportheOryzae,Subspecies,
SRR6384789,MagnaportheOryzae,Subspecies,
GCA_003015755.1,MagnaportheOryzae,Subspecies,
GCA_003017065.1,MagnaportheOryzae,Subspecies,
SRR6384797,MagnaportheOryzae,Subspecies,
GCA_003015935.1,MagnaportheOryzae,Subspecies,
GCA_003016935.1,MagnaportheOryzae,Subspecies,
GCA_003016385.1,MagnaportheOryzae,Subspecies,
GCA_003015385.1,MagnaportheOryzae,Subspecies,
GCA_003017125.1,MagnaportheOryzae,Subspecies,
GCA_003016875.1,MagnaportheOryzae,Subspecies,
GCA_003016005.1,MagnaportheOryzae,Subspecies,
GCA_003015595.1,MagnaportheOryzae,Subspecies,
GCA_003015735.1,MagnaportheOryzae,Subspecies,
GCA_003016955.1,MagnaportheOryzae,Subspecies,
GCA_003015955.1,MagnaportheOryzae,Subspecies,
SRR6384771,MagnaportheOryzae,Subspecies,
SRR6384798,MagnaportheOryzae,Subspecies,
SRR6384786,MagnaportheOryzae,Subspecies,
SRR6384806,MagnaportheOryzae,Subspecies,
GCA_003016025.1,MagnaportheOryzae,Subspecies,
GCA_003017025.1,MagnaportheOryzae,Subspecies,
GCA_003016715.1,MagnaportheOryzae,Subspecies,
GCA_003017165.1,MagnaportheOryzae,Subspecies,
SRR6384796,MagnaportheOryzae,Subspecies,
GCA_003016165.1,MagnaportheOryzae,Subspecies,
GCA_003015655.1,MagnaportheOryzae,Subspecies,
GCA_003016655.1,MagnaportheOryzae,Subspecies,
SRR6384808,MagnaportheOryzae,Subspecies,
SRR6384788,MagnaportheOryzae,Subspecies,
GCA_003015835.1,MagnaportheOryzae,Subspecies,
GCA_003016265.1,MagnaportheOryzae,Subspecies,
GCA_003016555.1,MagnaportheOryzae,Subspecies,
GCA_003015555.1,MagnaportheOryzae,Subspecies,
GCA_003016745.2,MagnaportheOryzae,Subspecies,
GCA_003016325.1,MagnaportheOryzae,Subspecies,
GCA_003016185.1,MagnaportheOryzae,Subspecies,
GCA_003016415.1,MagnaportheOryzae,Subspecies,
SRR6384795,MagnaportheOryzae,Subspecies,
GCA_003016245.1,MagnaportheOryzae,Subspecies,
GCA_003016575.1,MagnaportheOryzae,Subspecies,
SRR6384805,MagnaportheOryzae,Subspecies,
SRR6384785,MagnaportheOryzae,Subspecies,
SRR6384772,MagnaportheOryzae,Subspecies,
SRR6384794,MagnaportheOryzae,Subspecies,
GCA_003015515.1,MagnaportheOryzae,Subspecies,
GCA_003016085.1,MagnaportheOryzae,Subspecies,
GCA_003016895.1,MagnaportheOryzae,Subspecies,
GCA_003015895.1,MagnaportheOryzae,Subspecies,
SRR6384773,MagnaportheOryzae,Subspecies,
GCA_003016795.1,MagnaportheOryzae,Subspecies,
SRR6384804,MagnaportheOryzae,Subspecies,
SRR6384784,MagnaportheOryzae,Subspecies,
GCA_003016475.1,MagnaportheOryzae,Subspecies,
GCA_003016985.1,MagnaportheOryzae,Subspecies,
GCA_003016275.1,MagnaportheOryzae,Subspecies,
GCA_003016545.1,MagnaportheOryzae,Subspecies,
GCA_003015545.1,MagnaportheOryzae,Subspecies,
GCA_003016195.1,MagnaportheOryzae,Subspecies,
GCA_003015405.1,MagnaportheOryzae,Subspecies,
GCA_003017255.1,MagnaportheOryzae,Subspecies,
GCA_003016255.1,MagnaportheOryzae,Subspecies,
GCA_003015565.1,MagnaportheOryzae,Subspecies,
SRR6384802,MagnaportheOryzae,Subspecies,
SRR6384782,MagnaportheOryzae,Subspecies,
GCA_003015425.1,MagnaportheOryzae,Subspecies,
GCA_003016425.1,MagnaportheOryzae,Subspecies,
SRR6384775,MagnaportheOryzae,Subspecies,
SRR6384793,MagnaportheOryzae,Subspecies,
GCA_003016505.1,MagnaportheOryzae,Subspecies,
GCA_003016095.1,MagnaportheOryzae,Subspecies,
GCA_003015885.1,MagnaportheOryzae,Subspecies,
GCA_003015975.2,MagnaportheOryzae,Subspecies,
SRR6384774,MagnaportheOryzae,Subspecies,
GCA_003016785.1,MagnaportheOryzae,Subspecies,
GCA_003015815.2,MagnaportheOryzae,Subspecies,
SRR6384803,MagnaportheOryzae,Subspecies,
SRR6384783,MagnaportheOryzae,Subspecies,
GCA_003015465.1,MagnaportheOryzae,Subspecies,
GCA_003016465.1,MagnaportheOryzae,Subspecies,
SRR6384780,MagnaportheOryzae,Subspecies,
SRR6384800,MagnaportheOryzae,Subspecies,
SRR6384769,MagnaportheOryzae,Subspecies,
SRR6384777,MagnaportheOryzae,Subspecies,
GCA_003016905.1,MagnaportheOryzae,Subspecies,
GCA_003016625.1,MagnaportheOryzae,Subspecies,
GCA_003015625.1,MagnaportheOryzae,Subspecies,
GCA_003017115.1,MagnaportheOryzae,Subspecies,
GCA_003016115.1,MagnaportheOryzae,Subspecies,
GCA_003015745.1,MagnaportheOryzae,Subspecies,
SRR6384767,MagnaportheOryzae,Subspecies,
GCA_003015925.1,MagnaportheOryzae,Subspecies,
SRR6384790,MagnaportheOryzae,Subspecies,
SRR6384779,MagnaportheOryzae,Subspecies,
GCA_003016395.1,MagnaportheOryzae,Subspecies,
GCA_003015395.1,MagnaportheOryzae,Subspecies,
GCA_003016015.1,MagnaportheOryzae,Subspecies,
GCA_003016725.1,MagnaportheOryzae,Subspecies,
GCA_003016585.1,MagnaportheOryzae,Subspecies,
GCA_003015475.2,MagnaportheOryzae,Subspecies,
SRR6384776,MagnaportheOryzae,Subspecies,
GCA_003016665.1,MagnaportheOryzae,Subspecies,
SRR6384781,MagnaportheOryzae,Subspecies,
SRR6384768,MagnaportheOryzae,Subspecies,
GCA_003016805.1,MagnaportheOryzae,Subspecies,
GCA_003015805.1,MagnaportheOryzae,Subspecies,
GCA_003016035.1,MagnaportheOryzae,Subspecies,
GCA_003017035.1,MagnaportheOryzae,Subspecies,
GCA_003015705.1,MagnaportheOryzae,Subspecies,
GCA_003016705.1,MagnaportheOryzae,Subspecies,
GCA_003016965.1,MagnaportheOryzae,Subspecies,
GCA_003017175.1,MagnaportheOryzae,Subspecies,
GCA_003016175.1,MagnaportheOryzae,Subspecies,
SRR6384791,MagnaportheOryzae,Subspecies,
SRR6384778,MagnaportheOryzae,Subspecies,
GCA_003015645.1,MagnaportheOryzae,Subspecies,
GCA_003015825.1,MagnaportheOryzae,Subspecies,
GCA_003016825.1,MagnaportheOryzae,Subspecies,
SRR8327025_contigs,PhytophthoraRamorum,Subspecies,
SRR8327050_contigs,PhytophthoraRamorum,Subspecies,
SRR8327031_contigs,PhytophthoraRamorum,Subspecies,
SRR8327044_contigs,PhytophthoraRamorum,Subspecies,
SRR8327113_contigs,PhytophthoraRamorum,Subspecies,
SRR8327078_contigs,PhytophthoraRamorum,Subspecies,
SRR8327086_contigs,PhytophthoraRamorum,Subspecies,
SRR8327019_contigs,PhytophthoraRamorum,Subspecies,
SRR8327107_contigs,PhytophthoraRamorum,Subspecies,
SRR8327092_contigs,PhytophthoraRamorum,Subspecies,
SRR8327034_contigs,PhytophthoraRamorum,Subspecies,
SRR8327041_contigs,PhytophthoraRamorum,Subspecies,
SRR8327020_contigs,PhytophthoraRamorum,Subspecies,
SRR8327055_contigs,PhytophthoraRamorum,Subspecies,
SRR8327102_contigs,PhytophthoraRamorum,Subspecies,
SRR8327069_contigs,PhytophthoraRamorum,Subspecies,
SRR8327097_contigs,PhytophthoraRamorum,Subspecies,
SRR8327116_contigs,PhytophthoraRamorum,Subspecies,
SRR8327083_contigs,PhytophthoraRamorum,Subspecies,
SRR8327072_contigs,PhytophthoraRamorum,Subspecies,
SRR8327013_contigs,PhytophthoraRamorum,Subspecies,
SRR8327066_contigs,PhytophthoraRamorum,Subspecies,
SRR8327098_contigs,PhytophthoraRamorum,Subspecies,
SRR8327016_contigs,PhytophthoraRamorum,Subspecies,
SRR8327108_contigs,PhytophthoraRamorum,Subspecies,
SRR8327063_contigs,PhytophthoraRamorum,Subspecies,
SRR8327077_contigs,PhytophthoraRamorum,Subspecies,
SRR8327089_contigs,PhytophthoraRamorum,Subspecies,
SRR17285091_contigs,PhytophthoraRamorum,Subspecies,
SRR8327061_contigs,PhytophthoraRamorum,Subspecies,
SRR8327014_contigs,PhytophthoraRamorum,Subspecies,
SRR8327075_contigs,PhytophthoraRamorum,Subspecies,
SRR8327049_contigs,PhytophthoraRamorum,Subspecies,
SRR8327028_contigs,PhytophthoraRamorum,Subspecies,
SRR8327070_contigs,PhytophthoraRamorum,Subspecies,
SRR8327064_contigs,PhytophthoraRamorum,Subspecies,
SRR8327058_contigs,PhytophthoraRamorum,Subspecies,
SRR8327039_contigs,PhytophthoraRamorum,Subspecies,
SRR8327043_contigs,PhytophthoraRamorum,Subspecies,
SRR8327036_contigs,PhytophthoraRamorum,Subspecies,
SRR8327057_contigs,PhytophthoraRamorum,Subspecies,
SRR8327022_contigs,PhytophthoraRamorum,Subspecies,
SRR8327095_contigs,PhytophthoraRamorum,Subspecies,
SRR8327100_contigs,PhytophthoraRamorum,Subspecies,
SRR8327081_contigs,PhytophthoraRamorum,Subspecies,
SRR8327114_contigs,PhytophthoraRamorum,Subspecies,
SRR8327052_contigs,PhytophthoraRamorum,Subspecies,
SRR8327027_contigs,PhytophthoraRamorum,Subspecies,
SRR8327046_contigs,PhytophthoraRamorum,Subspecies,
SRR8327033_contigs,PhytophthoraRamorum,Subspecies,
SRR8327084_contigs,PhytophthoraRamorum,Subspecies,
SRR8327111_contigs,PhytophthoraRamorum,Subspecies,
SRR8327090_contigs,PhytophthoraRamorum,Subspecies,
SRR8327105_contigs,PhytophthoraRamorum,Subspecies,
SRR8327053_contigs,PhytophthoraRamorum,Subspecies,
SRR8327026_contigs,PhytophthoraRamorum,Subspecies,
SRR8327047_contigs,PhytophthoraRamorum,Subspecies,
SRR8327032_contigs,PhytophthoraRamorum,Subspecies,
SRR8327085_contigs,PhytophthoraRamorum,Subspecies,
SRR8327110_contigs,PhytophthoraRamorum,Subspecies,
SRR8327091_contigs,PhytophthoraRamorum,Subspecies,
SRR8327104_contigs,PhytophthoraRamorum,Subspecies,
SRR8327042_contigs,PhytophthoraRamorum,Subspecies,
SRR8327037_contigs,PhytophthoraRamorum,Subspecies,
SRR8327056_contigs,PhytophthoraRamorum,Subspecies,
SRR8327023_contigs,PhytophthoraRamorum,Subspecies,
SRR8327094_contigs,PhytophthoraRamorum,Subspecies,
SRR8327101_contigs,PhytophthoraRamorum,Subspecies,
SRR8327080_contigs,PhytophthoraRamorum,Subspecies,
SRR8327115_contigs,PhytophthoraRamorum,Subspecies,
SRR8327071_contigs,PhytophthoraRamorum,Subspecies,
SRR8327065_contigs,PhytophthoraRamorum,Subspecies,
SRR8327059_contigs,PhytophthoraRamorum,Subspecies,
SRR8327038_contigs,PhytophthoraRamorum,Subspecies,
SRR8327060_contigs,PhytophthoraRamorum,Subspecies,
SRR8327015_contigs,PhytophthoraRamorum,Subspecies,
SRR8327074_contigs,PhytophthoraRamorum,Subspecies,
SRR8327048_contigs,PhytophthoraRamorum,Subspecies,
SRR8327029_contigs,PhytophthoraRamorum,Subspecies,
SRR8327017_contigs,PhytophthoraRamorum,Subspecies,
SRR8327109_contigs,PhytophthoraRamorum,Subspecies,
SRR8327062_contigs,PhytophthoraRamorum,Subspecies,
SRR8327076_contigs,PhytophthoraRamorum,Subspecies,
SRR8327088_contigs,PhytophthoraRamorum,Subspecies,
SRR8327073_contigs,PhytophthoraRamorum,Subspecies,
SRR8327012_contigs,PhytophthoraRamorum,Subspecies,
SRR8327067_contigs,PhytophthoraRamorum,Subspecies,
SRR8327099_contigs,PhytophthoraRamorum,Subspecies,
SRR8327035_contigs,PhytophthoraRamorum,Subspecies,
SRR8327040_contigs,PhytophthoraRamorum,Subspecies,
SRR8327021_contigs,PhytophthoraRamorum,Subspecies,
SRR8327054_contigs,PhytophthoraRamorum,Subspecies,
SRR8327103_contigs,PhytophthoraRamorum,Subspecies,
SRR8327068_contigs,PhytophthoraRamorum,Subspecies,
SRR8327096_contigs,PhytophthoraRamorum,Subspecies,
SRR8327117_contigs,PhytophthoraRamorum,Subspecies,
SRR8327082_contigs,PhytophthoraRamorum,Subspecies,
SRR8327024_contigs,PhytophthoraRamorum,Subspecies,
SRR8327051_contigs,PhytophthoraRamorum,Subspecies,
SRR8327030_contigs,PhytophthoraRamorum,Subspecies,
SRR8327045_contigs,PhytophthoraRamorum,Subspecies,
SRR8327112_contigs,PhytophthoraRamorum,Subspecies,
SRR8327079_contigs,PhytophthoraRamorum,Subspecies,
SRR8327087_contigs,PhytophthoraRamorum,Subspecies,
SRR8327018_contigs,PhytophthoraRamorum,Subspecies,
SRR8327106_contigs,PhytophthoraRamorum,Subspecies,
SRR8327093_contigs,PhytophthoraRamorum,Subspecies,
GCA_006992865.1,Cryptococcus,Complex,
GCA_002222335.1,Cryptococcus,Complex,
GCA_002216205.1,Cryptococcus,Complex,
GCA_002222315.1,Cryptococcus,Complex,
GCA_002220445.1,Cryptococcus,Complex,
GCA_014964225.1,Cryptococcus,Complex,
GCA_000875855.1,Cryptococcus,Complex,
GCA_000836355.1,Cryptococcus,Complex,
GCA_036428525.1,Cryptococcus,Complex,
GCA_035658335.1,Cryptococcus,Complex,
GCA_000875815.1,Cryptococcus,Complex,
GCA_000987905.1,Cryptococcus,Complex,
GCA_002215835.1,Cryptococcus,Complex,
GCA_032767855.1,Cryptococcus,Complex,
GCA_002215775.1,Cryptococcus,Complex,
GCA_000835755.2,Cryptococcus,Complex,
GCA_036417295.1,Cryptococcus,Complex,
GCA_002222405.1,Cryptococcus,Complex,
GCA_002215705.1,Cryptococcus,Complex,
GCA_002222225.1,Cryptococcus,Complex,
GCA_032768795.1,Cryptococcus,Complex,
GCA_000149385.1,Cryptococcus,Complex,
GCA_002222215.1,Cryptococcus,Complex,
GCA_002222375.1,Cryptococcus,Complex,
GCA_002234625.1,Cryptococcus,Complex,
GCA_008355005.1,Cryptococcus,Complex,
GCA_003011995.1,Cryptococcus,Complex,
GCA_002222385.1,Cryptococcus,Complex,
GCA_002215765.1,Cryptococcus,Complex,
GCA_000835815.1,Cryptococcus,Complex,
GCA_001720245.2,Cryptococcus,Complex,
GCA_000855695.1,Cryptococcus,Complex,
GCA_031841975.1,Cryptococcus,Complex,
GCA_006149155.1,Cryptococcus,Complex,
GCA_002954075.1,Cryptococcus,Complex,
GCA_002221985.1,Cryptococcus,Complex,
GCA_011801205.1,Cryptococcus,Complex,
GCA_000875795.1,Cryptococcus,Complex,
GCA_000835745.1,Cryptococcus,Complex,
GCA_000835765.1,Cryptococcus,Complex,
GCA_000935105.1,Cryptococcus,Complex,
GCA_002215825.1,Cryptococcus,Complex,
GCA_000185945.1,Cryptococcus,Complex,
GCA_000786445.1,Cryptococcus,Complex,
GCA_009650685.1,Cryptococcus,Complex,
GCA_000836315.1,Cryptococcus,Complex,
GCA_000499585.1,Cryptococcus,Complex,
GCA_001720195.2,Cryptococcus,Complex,
GCA_001720235.1,Cryptococcus,Complex,
GCA_000836335.2,Cryptococcus,Complex,
GCA_012922885.1,Cryptococcus,Complex,
GCA_002222475.1,Cryptococcus,Complex,
GCA_002224005.1,Cryptococcus,Complex,
GCA_002215855.1,Cryptococcus,Complex,
GCA_002222295.1,Cryptococcus,Complex,
GCA_002222455.1,Cryptococcus,Complex,
GCA_002222395.1,Cryptococcus,Complex,
GCA_000149245.3,Cryptococcus,Complex,
GCA_000836455.1,Cryptococcus,Complex,
GCA_032464415.1,Cryptococcus,Complex,
GCA_002220035.1,Cryptococcus,Complex,
GCA_000836375.1,Cryptococcus,Complex,
GCA_024343405.1,Cryptococcus,Complex,
GCA_002215885.1,Cryptococcus,Complex,
GCA_000091045.1,Cryptococcus,Complex,
GCA_006352305.1,Cryptococcus,Complex,
GCA_002222255.1,Cryptococcus,Complex,
GCA_001720205.1,Cryptococcus,Complex,
GCA_001720155.1,Cryptococcus,Complex,
GCA_030708415.1,Cryptococcus,Complex,
GCA_002222465.1,Cryptococcus,Complex,
GCA_002222325.1,Cryptococcus,Complex,
GCA_023630295.1,Rhizopus,Complex,
GCA_011763995.1,Rhizopus,Complex,
GCA_000697155.1,Rhizopus,Complex,
GCA_016758985.1,Rhizopus,Complex,
GCA_000697095.1,Rhizopus,Complex,
GCA_025504515.1,Rhizopus,Complex,
GCA_025504485.1,Rhizopus,Complex,
GCA_943193625.1,Rhizopus,Complex,
GCA_011764055.1,Rhizopus,Complex,
GCA_002083745.1,Rhizopus,Complex,
GCA_011763715.1,Rhizopus,Complex,
GCA_006680115.1,Rhizopus,Complex,
GCA_019022815.1,Rhizopus,Complex,
GCA_011801675.2,Rhizopus,Complex,
GCA_011763855.1,Rhizopus,Complex,
GCA_011952045.2,Rhizopus,Complex,
GCA_000697725.1,Rhizopus,Complex,
GCA_011763935.1,Rhizopus,Complex,
GCA_037974945.1,Rhizopus,Complex,
GCA_035048745.1,Rhizopus,Complex,
GCA_011764225.1,Rhizopus,Complex,
GCA_011801055.2,Rhizopus,Complex,
GCA_000697195.1,Rhizopus,Complex,
GCA_011952175.2,Rhizopus,Complex,
GCA_011763565.1,Rhizopus,Complex,
GCA_000697035.1,Rhizopus,Complex,
GCA_011801815.2,Rhizopus,Complex,
GCA_000738605.1,Rhizopus,Complex,
GCA_011764265.1,Rhizopus,Complex,
GCA_040206765.1,Rhizopus,Complex,
GCA_000738585.1,Rhizopus,Complex,
GCA_001599575.1,Rhizopus,Complex,
SRR9720180_assembly,Rhizopus,Complex,
GCA_011764125.1,Rhizopus,Complex,
GCA_011763975.1,Rhizopus,Complex,
GCA_011801495.1,Rhizopus,Complex,
GCA_011950985.2,Rhizopus,Complex,
GCA_025094135.1,Rhizopus,Complex,
GCA_000697135.1,Rhizopus,Complex,
GCA_011801305.2,Rhizopus,Complex,
GCA_011801705.2,Rhizopus,Complex,
GCA_000587855.1,Rhizopus,Complex,
GCA_011800955.2,Rhizopus,Complex,
GCA_011763695.1,Rhizopus,Complex,
GCA_011764185.1,Rhizopus,Complex,
GCA_011763815.1,Rhizopus,Complex,
GCA_011764045.1,Rhizopus,Complex,
GCA_011763755.1,Rhizopus,Complex,
GCA_034509365.1,Rhizopus,Complex,
GCA_011801575.2,Rhizopus,Complex,
GCA_011763585.1,Rhizopus,Complex,
GCA_011801555.2,Rhizopus,Complex,
GCA_011763775.1,Rhizopus,Complex,
GCA_011801785.2,Rhizopus,Complex,
GCA_011801385.2,Rhizopus,Complex,
GCA_000697295.1,Rhizopus,Complex,
GCA_011763835.1,Rhizopus,Complex,
GCA_023630335.1,Rhizopus,Complex,
GCA_011801505.2,Rhizopus,Complex,
GCA_040367835.1,Rhizopus,Complex,
GCA_027405735.1,Rhizopus,Complex,
GCA_000696915.1,Rhizopus,Complex,
GCA_011801645.2,Rhizopus,Complex,
GCA_011952115.2,Rhizopus,Complex,
GCA_019022795.1,Rhizopus,Complex,
GCA_000738595.1,Rhizopus,Complex,
GCA_000697075.1,Rhizopus,Complex,
GCA_024220505.1,Rhizopus,Complex,
SRR9650569_assembly,Rhizopus,Complex,
GCA_011762635.1,Rhizopus,Complex,
GCA_011801725.2,Rhizopus,Complex,
GCA_011951295.2,Rhizopus,Complex,
SRR9720181_assembly,Rhizopus,Complex,
GCA_011800985.2,Rhizopus,Complex,
GCA_011763895.1,Rhizopus,Complex,
GCA_011952145.2,Rhizopus,Complex,
GCA_011763955.1,Rhizopus,Complex,
GCA_016758945.1,Rhizopus,Complex,
GCA_011801035.2,Rhizopus,Complex,
GCA_000950595.1,Rhizopus,Complex,
GCA_040256725.1,Rhizopus,Complex,
GCA_011763605.1,Rhizopus,Complex,
GCA_011763795.1,Rhizopus,Complex,
GCA_037040325.1,Rhizopus,Complex,
GCA_023630555.1,Rhizopus,Complex,
GCA_000697115.1,Rhizopus,Complex,
GCA_011951285.2,Rhizopus,Complex,
GCA_011762625.1,Rhizopus,Complex,
GCA_011801335.2,Rhizopus,Complex,
GCA_011764145.1,Rhizopus,Complex,
GCA_039881115.1,Rhizopus,Complex,
GCA_011763915.1,Rhizopus,Complex,
GCA_011763475.1,Rhizopus,Complex,
GCA_011763875.1,Rhizopus,Complex,
GCA_011950945.2,Rhizopus,Complex,
GCA_023629815.1,Rhizopus,Complex,
GCA_011764025.1,Rhizopus,Complex,
SRR9720312_assembly,Rhizopus,Complex,
GCA_002083735.1,Rhizopus,Complex,
GCA_019828915.1,Rhizopus,Complex,
GCA_000697605.1,Rhizopus,Complex,
GCA_011763735.1,Rhizopus,Complex,
GCA_023629755.1,Rhizopus,Complex,
GCA_000149305.1,Rhizopus,Complex,
GCA_002708625.1,Rhizopus,Complex,
SRR9720653_assembly,Rhizopus,Complex,
GCA_011801605.2,Rhizopus,Complex,
60,BoletusEdulis,Complex,SAMN21445538
240,BoletusEdulis,Complex,SAMN21445523
242,BoletusEdulis,Complex,SAMN21445524
244,BoletusEdulis,Complex,SAMN21445525
1958-08-08 00:00:00,BoletusEdulis,Complex,SAMN38089206
20100000000,BoletusEdulis,Complex,SAMN21445522
15-08-09,BoletusEdulis,Complex,SAMN38089208
15-08-10,BoletusEdulis,Complex,SAMN38089209
15-08-11,BoletusEdulis,Complex,SAMN38089210
15-08-12,BoletusEdulis,Complex,SAMN38089211
552NVP,BoletusEdulis,Complex,SAMN38089212
554NVP,BoletusEdulis,Complex,SAMN38089213
A-11317,BoletusEdulis,Complex,SAMN38089214
A-11354,BoletusEdulis,Complex,SAMN38089215
A-11451,BoletusEdulis,Complex,SAMN38089216
A19a-203,BoletusEdulis,Complex,SAMN21445541
A19a-227,BoletusEdulis,Complex,SAMN21445542
A-7993,BoletusEdulis,Complex,SAMN38089221
A-7994,BoletusEdulis,Complex,SAMN38089222
A-9122,BoletusEdulis,Complex,SAMN38089223
A-9126,BoletusEdulis,Complex,SAMN38089224
AL16,BoletusEdulis,Complex,SAMN21445543
Arora7188,BoletusEdulis,Complex,SAMN38089225
B140,BoletusEdulis,Complex,SAMN21445544
B51,BoletusEdulis,Complex,SAMN21445545
B53,BoletusEdulis,Complex,SAMN21445546
BD195,BoletusEdulis,Complex,SAMN21445547
BD300,BoletusEdulis,Complex,SAMN21445548
BD572,BoletusEdulis,Complex,SAMN21445549
BD591,BoletusEdulis,Complex,SAMN21445550
BD592,BoletusEdulis,Complex,SAMN21445551
BD593,BoletusEdulis,Complex,SAMN21445552
BD594,BoletusEdulis,Complex,SAMN21445553
BD595,BoletusEdulis,Complex,SAMN21445554
BD596,BoletusEdulis,Complex,SAMN21445555
BD597,BoletusEdulis,Complex,SAMN21445556
BD598,BoletusEdulis,Complex,SAMN21445557
BD599,BoletusEdulis,Complex,SAMN21445558
BD747,BoletusEdulis,Complex,SAMN21436121
BD942,BoletusEdulis,Complex,SAMN38089227
BD944,BoletusEdulis,Complex,SAMN38089228
BD945,BoletusEdulis,Complex,SAMN38089229
BD948,BoletusEdulis,Complex,SAMN38089230
BD949,BoletusEdulis,Complex,SAMN38089231
BD950,BoletusEdulis,Complex,SAMN38089232
BD-953,BoletusEdulis,Complex,SAMN38089233
BD954,BoletusEdulis,Complex,SAMN38089234
BD955,BoletusEdulis,Complex,SAMN38089235
BD958,BoletusEdulis,Complex,SAMN38089236
BD961,BoletusEdulis,Complex,SAMN38089238
BD962,BoletusEdulis,Complex,SAMN38089239
BD963,BoletusEdulis,Complex,SAMN38089240
BD1301,BoletusEdulis,Complex,SAMN46222821
Bi126,BoletusEdulis,Complex,SAMN21445559
Bi58,BoletusEdulis,Complex,SAMN21445560
Bi81,BoletusEdulis,Complex,SAMN21445561
C1411,BoletusEdulis,Complex,SAMN21445564
C153,BoletusEdulis,Complex,SAMN21445565
CBHV16-153,BoletusEdulis,Complex,SAMN21445566
CBHV17-101,BoletusEdulis,Complex,SAMN21445567
CEP53,BoletusEdulis,Complex,SAMN21445568
C-F-109468,BoletusEdulis,Complex,SAMN21445562
C-F-118985,BoletusEdulis,Complex,SAMN21445563
darkcap,BoletusEdulis,Complex,SAMN21445569
DBG-001332,BoletusEdulis,Complex,SAMN21445571
DBG-017417,BoletusEdulis,Complex,SAMN21445573
DBG-017870,BoletusEdulis,Complex,SAMN21445574
DBG-023282,BoletusEdulis,Complex,SAMN21445575
DBG-024649,BoletusEdulis,Complex,SAMN21445576
DBG-024695,BoletusEdulis,Complex,SAMN21445577
DBG-025235,BoletusEdulis,Complex,SAMN21445578
DBG-005044,BoletusEdulis,Complex,SAMN21445572
DJM1345,BoletusEdulis,Complex,SAMN38089241
DUKE-0193972,BoletusEdulis,Complex,SAMN21445581
DUKE-0350792,BoletusEdulis,Complex,SAMN21445583
DUKE-0351102,BoletusEdulis,Complex,SAMN21445584
DUKE-0351166,BoletusEdulis,Complex,SAMN21445585
F-75196,BoletusEdulis,Complex,SAMN21445587
F-75615,BoletusEdulis,Complex,SAMN21445588
FA-09455,BoletusEdulis,Complex,SAMN38089244
FA-11071,BoletusEdulis,Complex,SAMN38089245
FA-13148,BoletusEdulis,Complex,SAMN38089246
FA-13860,BoletusEdulis,Complex,SAMN38089247
FA-13861,BoletusEdulis,Complex,SAMN38089248
FA-16929,BoletusEdulis,Complex,SAMN21445589
FA-18247,BoletusEdulis,Complex,SAMN21445590
FA-18312,BoletusEdulis,Complex,SAMN21445591
GAL19447b,BoletusEdulis,Complex,SAMN21445592
GAL3858,BoletusEdulis,Complex,SAMN21445593
GM14a-347,BoletusEdulis,Complex,SAMN21445594
GM15b-045,BoletusEdulis,Complex,SAMN21445596
GM4-039,BoletusEdulis,Complex,SAMN21445597
HL1,BoletusEdulis,Complex,SAMN21445598
HL2,BoletusEdulis,Complex,SAMN21445599
HL3,BoletusEdulis,Complex,SAMN21445600
JFA-13440,BoletusEdulis,Complex,SAMN38089249
JFA-13455,BoletusEdulis,Complex,SAMN38089250
JFA-13456,BoletusEdulis,Complex,SAMN38089251
JFA-13485,BoletusEdulis,Complex,SAMN38089252
JWR839,BoletusEdulis,Complex,SAMN21445603
KR43679,BoletusEdulis,Complex,SAMN38089253
KST1,BoletusEdulis,Complex,SAMN38089254
KST12,BoletusEdulis,Complex,SAMN38089255
KST13-1,BoletusEdulis,Complex,SAMN38089256
KST13-2,BoletusEdulis,Complex,SAMN38089257
KST14,BoletusEdulis,Complex,SAMN38089258
KST15,BoletusEdulis,Complex,SAMN46284497
KST15-1,BoletusEdulis,Complex,SAMN38089260
KST15-2,BoletusEdulis,Complex,SAMN38089261
KST15-3,BoletusEdulis,Complex,SAMN38089262
KST15-4,BoletusEdulis,Complex,SAMN38089263
KST16,BoletusEdulis,Complex,SAMN38089264
KST17,BoletusEdulis,Complex,SAMN38089265
KST18,BoletusEdulis,Complex,SAMN38089266
KST19,BoletusEdulis,Complex,SAMN38089267
KST22,BoletusEdulis,Complex,SAMN38089268
KST26,BoletusEdulis,Complex,SAMN38089271
KST28,BoletusEdulis,Complex,SAMN38089272
KST29,BoletusEdulis,Complex,SAMN38089273
KST30,BoletusEdulis,Complex,SAMN38089274
KST31,BoletusEdulis,Complex,SAMN38089275
KST32,BoletusEdulis,Complex,SAMN38089276
KST33,BoletusEdulis,Complex,SAMN38089277
KST34,BoletusEdulis,Complex,SAMN38089278
KST35,BoletusEdulis,Complex,SAMN38089279
KST36,BoletusEdulis,Complex,SAMN38089280
KST37,BoletusEdulis,Complex,SAMN38089281
KST39,BoletusEdulis,Complex,SAMN38089282
KST5,BoletusEdulis,Complex,SAMN38089283
KZOM-213,BoletusEdulis,Complex,SAMN38089285
KZOM-214,BoletusEdulis,Complex,SAMN38089286
lightcap,BoletusEdulis,Complex,SAMN21445606
MIN-794253,BoletusEdulis,Complex,SAMN21445607
MIN-794254,BoletusEdulis,Complex,SAMN38089287
MIN-905161,BoletusEdulis,Complex,SAMN38089290
MIN-905177,BoletusEdulis,Complex,SAMN21445609
MIN-905185,BoletusEdulis,Complex,SAMN38089291
MIN-905190,BoletusEdulis,Complex,SAMN21445610
MIN-905362,BoletusEdulis,Complex,SAMN21445611
MIN-905373,BoletusEdulis,Complex,SAMN21445612
MIN-921526,BoletusEdulis,Complex,SAMN38089292
MIN-921552,BoletusEdulis,Complex,SAMN21445613
MIN-921562,BoletusEdulis,Complex,SAMN21445614
MIN-921570,BoletusEdulis,Complex,SAMN21445615
MIN-921977,BoletusEdulis,Complex,SAMN38089293
MIN-921978,BoletusEdulis,Complex,SAMN38089294
MIN-921979,BoletusEdulis,Complex,SAMN21445616
MIN-921981,BoletusEdulis,Complex,SAMN21445617
MIN-921982,BoletusEdulis,Complex,SAMN38089295
MIN-921983,BoletusEdulis,Complex,SAMN38089296
MIN-921984,BoletusEdulis,Complex,SAMN38089297
MIN-921986,BoletusEdulis,Complex,SAMN38089298
MIN-921988,BoletusEdulis,Complex,SAMN21445619
MIN-921989,BoletusEdulis,Complex,SAMN47006298
MIN-923288,BoletusEdulis,Complex,SAMN21445620
MIN-929293,BoletusEdulis,Complex,SAMN21445621
MS1-015,BoletusEdulis,Complex,SAMN21445622
MS4-004,BoletusEdulis,Complex,SAMN21445623
MS9-005,BoletusEdulis,Complex,SAMN21445624
N1,BoletusEdulis,Complex,SAMN38089299
N2,BoletusEdulis,Complex,SAMN38089300
N5,BoletusEdulis,Complex,SAMN38089301
N8,BoletusEdulis,Complex,SAMN38089302
N9,BoletusEdulis,Complex,SAMN38089303
NYBG-02342749,BoletusEdulis,Complex,SAMN21445625
NYBG-03999897,BoletusEdulis,Complex,SAMN21445628
NYBG-36585,BoletusEdulis,Complex,SAMN21445629
PGA21-027,BoletusEdulis,Complex,SAMN38089304
R029174,BoletusEdulis,Complex,SAMN21445630
RL1,BoletusEdulis,Complex,SAMN21445631
RL2,BoletusEdulis,Complex,SAMN21445632
RL3,BoletusEdulis,Complex,SAMN21445633
RL5,BoletusEdulis,Complex,SAMN21445634
SFSU-001361,BoletusEdulis,Complex,SAMN38089305
SFSU-001397,BoletusEdulis,Complex,SAMN38089307
SFSU-001437,BoletusEdulis,Complex,SAMN38089308
SFSU-001438,BoletusEdulis,Complex,SAMN38089309
SFSU-001464,BoletusEdulis,Complex,SAMN38089310
SFSU-001470,BoletusEdulis,Complex,SAMN38089313
SFSU-001471,BoletusEdulis,Complex,SAMN38089314
SFSU-001474,BoletusEdulis,Complex,SAMN38089315
SFSU-001476,BoletusEdulis,Complex,SAMN38089316
SFSU-001481,BoletusEdulis,Complex,SAMN38089317
SFSU-001501,BoletusEdulis,Complex,SAMN38089320
SFSU-001504,BoletusEdulis,Complex,SAMN38089321
SFSU-001548,BoletusEdulis,Complex,SAMN38089322
SFSU-001554,BoletusEdulis,Complex,SAMN38089324
SFSU-001555,BoletusEdulis,Complex,SAMN38089325
SFSU-001588,BoletusEdulis,Complex,SAMN38089326
SFSU-001690,BoletusEdulis,Complex,SAMN38089329
SMB-20030-90602,BoletusEdulis,Complex,SAMN38089334
SMB-20151-02201,BoletusEdulis,Complex,SAMN38089335
SMB-20170-93012,BoletusEdulis,Complex,SAMN38089336
SV11-604,BoletusEdulis,Complex,SAMN21445637
TAAM-132367,BoletusEdulis,Complex,SAMN21445642
TAAM-132806,BoletusEdulis,Complex,SAMN38089338
TAAM-132808,BoletusEdulis,Complex,SAMN38089339
TAAM-132820,BoletusEdulis,Complex,SAMN38089340
TAAM-132823,BoletusEdulis,Complex,SAMN38089341
TAAM-175085,BoletusEdulis,Complex,SAMN21445645
TAAM-185627,BoletusEdulis,Complex,SAMN21445646
TR39322,BoletusEdulis,Complex,SAMN21445647
UBC-12520,BoletusEdulis,Complex,SAMN21445652
UBC-15479,BoletusEdulis,Complex,SAMN21445654
UBC-16706,BoletusEdulis,Complex,SAMN21445648
UBC-16737,BoletusEdulis,Complex,SAMN21445655
UBC-18518,BoletusEdulis,Complex,SAMN21445656
UBC-28267,BoletusEdulis,Complex,SAMN21445657
UBC-28296,BoletusEdulis,Complex,SAMN21445658
UBC-32159,BoletusEdulis,Complex,SAMN21445650
UBC-33027,BoletusEdulis,Complex,SAMN21445651
UT249,BoletusEdulis,Complex,SAMN21445526
UT250,BoletusEdulis,Complex,SAMN21445527
UT284,BoletusEdulis,Complex,SAMN21445528
UT285,BoletusEdulis,Complex,SAMN21445529
UT286,BoletusEdulis,Complex,SAMN21445530
UT354,BoletusEdulis,Complex,SAMN21445531
UT473,BoletusEdulis,Complex,SAMN21445532
UT477,BoletusEdulis,Complex,SAMN21445519
UT489,BoletusEdulis,Complex,SAMN21445533
UT555,BoletusEdulis,Complex,SAMN21445534
UT557,BoletusEdulis,Complex,SAMN21445535
UT567,BoletusEdulis,Complex,SAMN21445536
UT598,BoletusEdulis,Complex,SAMN21445537
UT600,BoletusEdulis,Complex,SAMN21445539
UT90,BoletusEdulis,Complex,SAMN21445540
VOL5,BoletusEdulis,Complex,SAMN21445659
WSU-54517,BoletusEdulis,Complex,SAMN21445661
WTU-21375,BoletusEdulis,Complex,SAMN38089346
WTU-24032,BoletusEdulis,Complex,SAMN21445662
WTU-24390,BoletusEdulis,Complex,SAMN38089348
WTU-24718,BoletusEdulis,Complex,SAMN38089349
WTU-24735,BoletusEdulis,Complex,SAMN38089350
WTU-27121,BoletusEdulis,Complex,SAMN21445663
WTU-27134,BoletusEdulis,Complex,SAMN38089351
WTU-30041,BoletusEdulis,Complex,SAMN21445664
WTU-32261,BoletusEdulis,Complex,SAMN21445665
WTU-65824,BoletusEdulis,Complex,SAMN38089353
WTU-66301,BoletusEdulis,Complex,SAMN38089354
WTU-67988,BoletusEdulis,Complex,SAMN38089356
WTU-68299,BoletusEdulis,Complex,SAMN38089357
WTU-68809,BoletusEdulis,Complex,SAMN21445666
WTU-71222,BoletusEdulis,Complex,SAMN21445667
WTU-5669,BoletusEdulis,Complex,SAMN47006214 
YSU-05349,BoletusEdulis,Complex,SAMN21445670
YSU-05404,BoletusEdulis,Complex,SAMN21445671
YSU-07119,BoletusEdulis,Complex,SAMN21445672
YSU-08902,BoletusEdulis,Complex,SAMN38089358
YSU-09148,BoletusEdulis,Complex,SAMN21445674
YSU-09856,BoletusEdulis,Complex,SAMN21445675
YSU-09901,BoletusEdulis,Complex,SAMN21445676
YSU-09911,BoletusEdulis,Complex,SAMN21445668
YSU-09929,BoletusEdulis,Complex,SAMN21445669
