Accession_ID,Species_Name,Family,In_Species_Folder,In_Genus_Folder,In_Family_Folder
GCA_000280675.1,Beauveria bassiana,Cordycipitaceae,Yes,No,No
GCA_002796755.1,Corniculantispora psalliotae,Cordycipitaceae,No,No,Yes
GCA_003267905.1,Beauveria pseudobassiana,Cordycipitaceae,No,Yes,No
GCA_022985055.1,Beauveria pseudobassiana,Cordycipitaceae,No,Yes,No
GCA_027595875.1,Zarea fungicola,Cordycipitaceae,No,No,Yes
GCA_028828415.1,Cordyceps cateniannulata,Cordycipitaceae,No,No,Yes
GCA_030406835.1,Beauveria australis,Cordycipitaceae,No,Yes,No
GCA_030411435.1,Cordyceps cateniannulata,Cordycipitaceae,No,No,Yes
GCA_030411515.1,Akanthomyces dipterigenus,Cordycipitaceae,No,No,Yes
GCA_030411535.1,Beauveria australis,Cordycipitaceae,No,Yes,No
GCA_030411675.1,Lecanicillium aphanocladii,Cordycipitaceae,No,No,Yes
GCA_030772205.1,Beauveria varroae,Cordycipitaceae,No,Yes,No
GCA_030772615.1,Beauveria bassiana,Cordycipitaceae,Yes,Yes,Yes
GCA_030772635.1,Beauveria bassiana,Cordycipitaceae,Yes,Yes,Yes
GCA_030777785.1,Beauveria caledonica,Cordycipitaceae,No,Yes,No
GCA_030779765.1,Beauveria brongniartii,Cordycipitaceae,No,Yes,No
GCA_030780425.1,Beauveria varroae,Cordycipitaceae,No,Yes,No
GCA_030781985.1,Beauveria asiatica,Cordycipitaceae,No,Yes,No
GCA_030782005.1,Beauveria brongniartii,Cordycipitaceae,No,Yes,No
GCA_030782205.1,Beauveria asiatica,Cordycipitaceae,No,Yes,No
GCA_030784555.1,Beauveria bassiana,Cordycipitaceae,Yes,No,No
GCA_030784885.1,Beauveria bassiana,Cordycipitaceae,Yes,No,No
GCA_030784925.1,Beauveria bassiana,Cordycipitaceae,Yes,No,No
GCA_030785025.1,Beauveria bassiana,Cordycipitaceae,Yes,No,No
GCA_030785215.1,Beauveria bassiana,Cordycipitaceae,Yes,No,No
GCA_030786195.1,Beauveria bassiana,Cordycipitaceae,Yes,No,No
GCA_030786345.1,Beauveria bassiana,Cordycipitaceae,Yes,No,No
GCA_030786905.1,Beauveria bassiana,Cordycipitaceae,Yes,No,No
GCA_030786925.1,Beauveria bassiana,Cordycipitaceae,Yes,No,No
GCA_030786945.1,Beauveria bassiana,Cordycipitaceae,Yes,No,No
GCA_032354195.1,Beauveria bassiana,Cordycipitaceae,Yes,No,No
GCA_051527305.1,Zarea fungicola,Cordycipitaceae,No,No,Yes
GCA_051528435.1,Beauveria caledonica,Cordycipitaceae,No,Yes,No
GCA_051528715.1,Lecanicillium aphanocladii,Cordycipitaceae,No,No,Yes
GCA_051529075.1,Akanthomyces dipterigenus,Cordycipitaceae,No,No,Yes
GCA_051529175.1,Simplicillium lanosoniveum,Cordycipitaceae,No,No,Yes
GCA_051529195.1,Simplicillium lanosoniveum,Cordycipitaceae,No,No,Yes
GCA_051529455.1,Corniculantispora psalliotae,Cordycipitaceae,No,No,Yes
FA-16929,Boletus edulis,Boletaceae,Yes,No,No
FA-18247,Boletus edulis,Boletaceae,Yes,No,No
FA-18312,Boletus edulis,Boletaceae,Yes,No,No
GCA_018397855.1,Boletus reticuloceps,Boletaceae,No,Yes,No
GCA_038088795.1,Boletus rex-veris,Boletaceae,No,Yes,No
GCA_038089235.1,Boletellus ananas,Boletaceae,No,No,Yes
GCA_038089415.1,Caloboletus firmus,Boletaceae,No,No,Yes
GCA_038089615.1,Aureoboletus auriporus,Boletaceae,No,No,Yes
GCA_038089635.1,Leccinum variicolor,Boletaceae,No,No,Yes
GCA_038089895.1,Boletellus ananas,Boletaceae,No,No,Yes
GCA_038090135.1,Pulveroboletus ravenelii,Boletaceae,No,No,Yes
GCA_038090235.1,Pulveroboletus ravenelii,Boletaceae,No,No,Yes
GCA_038090375.1,Boletus rubroflammeus,Boletaceae,No,Yes,No
GCA_038090555.1,Boletus subcaerulescens,Boletaceae,No,Yes,No
GCA_038091015.1,Boletus vermiculosoides,Boletaceae,No,Yes,No
GCA_038091195.1,Phylloporus rhodoxanthus,Boletaceae,No,No,Yes
GCA_038091415.1,Leccinum variicolor,Boletaceae,No,No,Yes
GCA_038092335.1,Boletus vinaceobasis,Boletaceae,No,Yes,No
GCA_038092375.1,Boletus vermiculosoides,Boletaceae,No,Yes,No
GCA_038092395.1,Boletus variipes,Boletaceae,No,Yes,No
GCA_038092555.1,Boletus subgraveolens,Boletaceae,No,Yes,No
GCA_038092575.1,Boletus subluridellus,Boletaceae,No,Yes,No
GCA_038092595.1,Boletus subdepauperatus,Boletaceae,No,Yes,No
GCA_038092755.1,Boletus rubroflammeus,Boletaceae,No,Yes,No
GCA_038093395.1,Baorangia bicolor,Boletaceae,No,No,Yes
GCA_038093465.1,Baorangia bicolor,Boletaceae,No,No,Yes
GCA_038093535.1,Boletus reticulatus,Boletaceae,No,Yes,No
GCA_038094755.1,Caloboletus firmus,Boletaceae,No,No,Yes
GCA_965113095.1,Aureoboletus gentilis,Boletaceae,No,No,Yes
MIN-921562,Boletus edulis,Boletaceae,Yes,Yes,Yes
MIN-921977,Boletus edulis,Boletaceae,Yes,No,No
MIN-921978,Boletus edulis,Boletaceae,Yes,No,No
MIN-921983,Boletus edulis,Boletaceae,Yes,No,No
MIN-921984,Boletus edulis,Boletaceae,Yes,No,No
MIN-921986,Boletus edulis,Boletaceae,Yes,No,No
MIN-921988,Boletus edulis,Boletaceae,Yes,No,No
MIN-921989,Boletus edulis,Boletaceae,Yes,No,No
N1,Boletus edulis,Boletaceae,Yes,No,No
R029174,Boletus edulis,Boletaceae,Yes,No,No
SFSU-001588,Boletus edulis,Boletaceae,Yes,No,No
SMB-20030-90602,Boletus edulis,Boletaceae,Yes,No,No
TAAM-132367,Boletus edulis,Boletaceae,Yes,Yes,Yes
GCA_000167675.2,Trichoderma reesei,Hypocreaceae,Yes,Yes,Yes
GCA_001050175.1,Trichoderma parareesei,Hypocreaceae,No,Yes,No
GCA_001278495.1,Escovopsis weberi,Hypocreaceae,No,No,Yes
GCA_001481775.2,Trichoderma gamsii,Hypocreaceae,No,Yes,No
GCA_002006585.1,Trichoderma reesei,Hypocreaceae,Yes,Yes,Yes
GCA_003025095.1,Trichoderma harzianum,Hypocreaceae,No,Yes,No
GCA_003055145.1,Escovopsis weberi,Hypocreaceae,No,No,Yes
GCA_008477525.1,Hypomyces perniciosus,Hypocreaceae,No,No,Yes
GCA_011799845.1,Hypomyces rosellus,Hypocreaceae,No,No,Yes
GCA_016806815.1,Trichoderma reesei,Hypocreaceae,Yes,No,No
GCA_016806875.1,Trichoderma reesei,Hypocreaceae,Yes,No,No
GCA_020647795.1,Trichoderma atroviride,Hypocreaceae,No,Yes,No
GCA_025331125.1,Mycogone perniciosa,Hypocreaceae,No,No,Yes
GCA_028870775.1,Trichoderma reesei,Hypocreaceae,Yes,No,No
GCA_028871095.1,Trichoderma reesei,Hypocreaceae,Yes,No,No
GCA_028871515.1,Trichoderma reesei,Hypocreaceae,Yes,No,No
GCA_032358155.1,Cladobotryum mycophilum,Hypocreaceae,No,No,Yes
GCA_033030045.1,Trichoderma parareesei,Hypocreaceae,No,Yes,No
GCA_036429605.1,Cladobotryum mycophilum,Hypocreaceae,No,No,Yes
GCA_038428105.1,Trichoderma reesei,Hypocreaceae,Yes,No,No
GCA_042257965.1,Trichoderma reesei,Hypocreaceae,Yes,No,No
GCA_046127165.1,Trichoderma hamatum,Hypocreaceae,No,Yes,No
GCA_046629995.1,Trichoderma hamatum,Hypocreaceae,No,Yes,No
GCA_047716415.1,Trichoderma reesei,Hypocreaceae,Yes,No,No
GCA_047716435.1,Trichoderma reesei,Hypocreaceae,Yes,No,No
GCA_047716445.1,Trichoderma reesei,Hypocreaceae,Yes,No,No
GCA_047716485.1,Trichoderma reesei,Hypocreaceae,Yes,No,No
GCA_048164925.1,Trichoderma koningiopsis,Hypocreaceae,No,Yes,No
GCA_049996625.1,Trichoderma koningiopsis,Hypocreaceae,No,Yes,No
GCA_049996675.1,Trichoderma gamsii,Hypocreaceae,No,Yes,No
GCA_049996735.1,Trichoderma harzianum,Hypocreaceae,No,Yes,No
GCA_051557965.1,Trichoderma atroviride,Hypocreaceae,No,Yes,No
GCA_052818895.1,Trichoderma reesei,Hypocreaceae,Yes,No,No
GCA_930272545.1,Sphaerostilbella broomeana,Hypocreaceae,No,No,Yes
GCA_000697395.1,Lichtheimia ramosa,Lichtheimiaceae,Yes,No,No
GCA_000738555.1,Lichtheimia ramosa,Lichtheimiaceae,Yes,No,No
GCA_000787465.1,Thermomucor indicae-seudaticae,Lichtheimiaceae,No,No,Yes
GCA_000945115.1,Lichtheimia ramosa,Lichtheimiaceae,Yes,Yes,Yes
GCA_008728235.1,Lichtheimia ramosa,Lichtheimiaceae,Yes,Yes,Yes
GCA_016758965.1,Circinella minor,Lichtheimiaceae,No,No,Yes
GCA_023629915.1,Lichtheimia ramosa,Lichtheimiaceae,Yes,No,No
GCA_025266875.1,Fennellomyces sp. T-0311,Lichtheimiaceae,No,No,Yes
GCA_025677815.1,Phascolomyces articulosus,Lichtheimiaceae,No,No,Yes
GCA_025716815.1,Dichotomocladium elegans,Lichtheimiaceae,No,No,Yes
GCA_025766255.1,Zychaea mexicana,Lichtheimiaceae,No,No,Yes
GCA_029582045.1,Lichtheimia ramosa,Lichtheimiaceae,Yes,No,No
GCA_037041495.1,Lichtheimia ramosa,Lichtheimiaceae,Yes,No,No
GCA_037042035.1,Lichtheimia ramosa,Lichtheimiaceae,Yes,No,No
GCA_040807125.1,Rhizomucor miehei,Lichtheimiaceae,No,No,Yes
GCA_048164995.1,Lichtheimia ramosa,Lichtheimiaceae,Yes,No,No
GCA_001651415.1,Linnemannia elongata,Mortierellaceae,Yes,No,No
GCA_002105155.1,Lobosporangium transversale,Mortierellaceae,No,No,Yes
GCA_015502505.1,Linnemannia schmuckeri,Mortierellaceae,No,Yes,No
GCA_015502565.1,Actinomortierella ambigua,Mortierellaceae,No,No,Yes
GCA_015679425.1,Linnemannia elongata,Mortierellaceae,Yes,Yes,Yes
GCA_015679495.1,Linnemannia elongata,Mortierellaceae,Yes,Yes,Yes
GCA_015847195.1,Linnemannia zychae,Mortierellaceae,No,Yes,No
GCA_015847225.1,Lobosporangium transversale,Mortierellaceae,No,No,Yes
GCA_015847235.1,Linnemannia zychae,Mortierellaceae,No,Yes,No
GCA_015849335.1,Entomortierella chlamydospora,Mortierellaceae,No,No,Yes
GCA_015852335.1,Entomortierella chlamydospora,Mortierellaceae,No,No,Yes
GCA_015852395.1,Linnemannia elongata,Mortierellaceae,Yes,No,No
GCA_015852415.1,Linnemannia elongata,Mortierellaceae,Yes,No,No
GCA_015852435.1,Podila epicladia,Mortierellaceae,No,No,Yes
GCA_015852495.1,Podila epicladia,Mortierellaceae,No,No,Yes
GCA_016097855.1,Linnemannia gamsii,Mortierellaceae,No,Yes,No
GCA_016097885.1,Dissophora globulifera,Mortierellaceae,No,No,Yes
GCA_016097895.1,Linnemannia exigua,Mortierellaceae,No,Yes,No
GCA_016097935.1,Dissophora globulifera,Mortierellaceae,No,No,Yes
GCA_016098015.1,Gamsiella multidivaricata,Mortierellaceae,No,No,Yes
GCA_016098155.1,Actinomortierella ambigua,Mortierellaceae,No,No,Yes
GCA_019671135.1,Linnemannia hyalina,Mortierellaceae,No,Yes,No
GCA_020744185.1,Linnemannia elongata,Mortierellaceae,Yes,No,No
GCA_023091675.1,Linnemannia amoeboidea,Mortierellaceae,No,Yes,No
GCA_023925345.1,Mortierella alpina,Mortierellaceae,No,No,Yes
GCA_025024155.1,Gamsiella multidivaricata,Mortierellaceae,No,No,Yes
GCA_029449235.1,Linnemannia schmuckeri,Mortierellaceae,No,Yes,No
GCA_029449245.1,Mortierella alpina,Mortierellaceae,No,No,Yes
GCA_033807475.1,Linnemannia elongata,Mortierellaceae,Yes,No,No
GCA_033807515.1,Linnemannia gamsii,Mortierellaceae,No,Yes,No
GCA_036320915.1,Linnemannia elongata,Mortierellaceae,Yes,No,No
GCA_000587855.1,Mucor irregularis,Mucoraceae,No,Yes,No
GCA_000696895.1,Mucor velutinosus,Mucoraceae,No,Yes,No
GCA_000697235.1,Cokeromyces recurvatus,Mucoraceae,No,No,Yes
GCA_000697255.1,Mucor racemosus,Mucoraceae,No,Yes,No
GCA_000697435.1,Mucor irregularis,Mucoraceae,No,Yes,No
GCA_000938895.1,Parasitella parasitica,Mucoraceae,No,No,Yes
GCA_001276145.1,Mucor circinelloides,Mucoraceae,Yes,Yes,Yes
GCA_001599575.1,Mucor circinelloides,Mucoraceae,Yes,Yes,Yes
GCA_001599635.1,Actinomucor elegans,Mucoraceae,No,No,Yes
GCA_010203745.1,Mucor lusitanicus,Mucoraceae,No,Yes,No
GCA_016758935.1,Thamnidium elegans,Mucoraceae,No,No,Yes
GCA_023629755.1,Mucor circinelloides,Mucoraceae,Yes,No,No
GCA_023629775.1,Mucor circinelloides,Mucoraceae,Yes,No,No
GCA_023629815.1,Mucor circinelloides,Mucoraceae,Yes,No,No
GCA_023629835.1,Mucor circinelloides,Mucoraceae,Yes,No,No
GCA_023629855.1,Mucor circinelloides,Mucoraceae,Yes,No,No
GCA_023629875.1,Mucor circinelloides,Mucoraceae,Yes,No,No
GCA_023630435.1,Mucor circinelloides,Mucoraceae,Yes,No,No
GCA_023630465.1,Mucor circinelloides,Mucoraceae,Yes,No,No
GCA_023630475.1,Mucor circinelloides,Mucoraceae,Yes,No,No
GCA_023630555.1,Mucor circinelloides,Mucoraceae,Yes,No,No
GCA_025118155.1,Cokeromyces recurvatus,Mucoraceae,No,No,Yes
GCA_025201345.1,Thamnidium elegans,Mucoraceae,No,No,Yes
GCA_025201805.1,Parasitella parasitica,Mucoraceae,No,No,Yes
GCA_025677825.1,Helicostylum pulchrum,Mucoraceae,No,No,Yes
GCA_026027325.1,Actinomucor elegans,Mucoraceae,No,No,Yes
GCA_027405735.1,Mucor racemosus,Mucoraceae,No,Yes,No
GCA_035048745.1,Mucor velutinosus,Mucoraceae,No,Yes,No
GCA_040256725.1,Mucor lusitanicus,Mucoraceae,No,Yes,No
GCA_040366295.1,Helicostylum pulchrum,Mucoraceae,No,No,Yes
GCA_040367835.1,Mucor flavus,Mucoraceae,No,Yes,No
GCA_943193625.1,Mucor piriformis,Mucoraceae,No,Yes,No
GCA_000240135.3,Fusarium graminearum,Nectriaceae,No,Yes,No
GCA_000733055.2,Fusarium oxysporum,Nectriaceae,No,Yes,No
GCA_000935225.1,Dactylonectria macrodidyma,Nectriaceae,No,No,Yes
GCA_001262555.1,Fusarium nygamai,Nectriaceae,No,Yes,No
GCA_001703125.1,Fusarium oxysporum,Nectriaceae,No,Yes,No
GCA_002894225.1,Fusarium nygamai,Nectriaceae,No,Yes,No
GCA_003385255.1,Corinectria fuckeliana,Nectriaceae,No,No,Yes
GCA_003415625.1,Aquanectria penicillioides,Nectriaceae,No,No,Yes
GCA_003693555.1,Coccinonectria pachysandricola,Nectriaceae,No,No,Yes
GCA_012977765.1,Fusarium babinda,Nectriaceae,No,Yes,No
GCA_013184435.1,Fusarium babinda,Nectriaceae,No,Yes,No
GCA_013283235.1,Coccinonectria pachysandricola,Nectriaceae,No,No,Yes
GCA_014621425.1,Cylindrodendrum hubeiense,Nectriaceae,No,No,Yes
GCA_017657025.1,Fusarium austroamericanum,Nectriaceae,No,Yes,No
GCA_017657035.1,Fusarium austroamericanum,Nectriaceae,No,Yes,No
GCA_019137255.1,Corinectria fuckeliana,Nectriaceae,No,No,Yes
GCA_020744425.1,Dactylonectria macrodidyma,Nectriaceae,No,No,Yes
GCA_024047395.1,Fusarium circinatum,Nectriaceae,No,Yes,No
GCA_024056715.1,Fusarium circinatum,Nectriaceae,No,Yes,No
GCA_041438275.1,Fusarium equiseti,Nectriaceae,No,Yes,No
GCA_043176695.1,Fusarium asiaticum,Nectriaceae,Yes,Yes,Yes
GCA_043176725.1,Fusarium asiaticum,Nectriaceae,Yes,Yes,Yes
GCA_043176735.1,Fusarium asiaticum,Nectriaceae,Yes,No,No
GCA_043176755.1,Fusarium asiaticum,Nectriaceae,Yes,No,No
GCA_043176765.1,Fusarium asiaticum,Nectriaceae,Yes,No,No
GCA_043252065.1,Fusarium asiaticum,Nectriaceae,Yes,No,No
GCA_043252085.1,Fusarium asiaticum,Nectriaceae,Yes,No,No
GCA_043252105.1,Fusarium asiaticum,Nectriaceae,Yes,No,No
GCA_043252125.1,Fusarium asiaticum,Nectriaceae,Yes,No,No
GCA_043252145.1,Fusarium asiaticum,Nectriaceae,Yes,No,No
GCA_043252265.1,Fusarium asiaticum,Nectriaceae,Yes,No,No
GCA_043252325.1,Fusarium asiaticum,Nectriaceae,Yes,No,No
GCA_043252345.1,Fusarium asiaticum,Nectriaceae,Yes,No,No
GCA_043252385.1,Fusarium asiaticum,Nectriaceae,Yes,No,No
GCA_043252405.1,Fusarium asiaticum,Nectriaceae,Yes,No,No
GCA_043252445.1,Fusarium asiaticum,Nectriaceae,Yes,No,No
GCA_045526815.1,Atractium crassum,Nectriaceae,No,No,Yes
GCA_045526835.1,Atractium stilbaster,Nectriaceae,No,No,Yes
GCA_045528965.1,Dialonectria ullevolea,Nectriaceae,No,No,Yes
GCA_045528975.1,Cylindrodendrum hubeiense,Nectriaceae,No,No,Yes
GCA_046630685.1,Calonectria ilicicola,Nectriaceae,No,No,Yes
GCA_049861065.1,Calonectria ilicicola,Nectriaceae,No,No,Yes
GCA_052857265.1,Fusarium equiseti,Nectriaceae,No,Yes,No
GCA_905359485.1,Fusarium graminearum,Nectriaceae,No,Yes,No
GCA_000247585.2,Phytophthora nicotianae,Peronosporaceae,No,Yes,No
GCA_000252605.1,Pseudoperonospora cubensis,Peronosporaceae,No,No,Yes
GCA_000325885.1,Phytophthora capsici,Peronosporaceae,Yes,No,No
GCA_000365545.1,Phytophthora nicotianae,Peronosporaceae,No,Yes,No
GCA_000448265.2,Phytophthora kernoviae,Peronosporaceae,No,Yes,No
GCA_000686205.4,Phytophthora fragariae,Peronosporaceae,No,Yes,No
GCA_000785725.3,Phytophthora kernoviae,Peronosporaceae,No,Yes,No
GCA_001414265.2,Hyaloperonospora arabidopsidis,Peronosporaceae,No,No,Yes
GCA_001414525.2,Hyaloperonospora arabidopsidis,Peronosporaceae,No,No,Yes
GCA_001887855.2,Sclerospora graminicola,Peronosporaceae,No,No,Yes
GCA_002081965.1,Phytophthora cactorum,Peronosporaceae,No,Yes,No
GCA_002933675.1,Sclerospora graminicola,Peronosporaceae,No,No,Yes
GCA_003287315.1,Phytophthora cactorum,Peronosporaceae,No,Yes,No
GCA_003724065.1,Plasmopara halstedii,Peronosporaceae,No,No,Yes
GCA_003991265.1,Pseudoperonospora humuli,Peronosporaceae,No,No,Yes
GCA_004137865.1,Phytophthora capsici,Peronosporaceae,Yes,Yes,Yes
GCA_004137885.1,Phytophthora capsici,Peronosporaceae,Yes,Yes,Yes
GCA_004137955.1,Phytophthora capsici,Peronosporaceae,Yes,No,No
GCA_004137965.1,Phytophthora capsici,Peronosporaceae,Yes,No,No
GCA_004137975.1,Phytophthora capsici,Peronosporaceae,Yes,No,No
GCA_004138045.1,Phytophthora capsici,Peronosporaceae,Yes,No,No
GCA_004380875.1,Plasmopara halstedii,Peronosporaceae,No,No,Yes
GCA_009729435.1,Phytophthora fragariae,Peronosporaceae,No,Yes,No
GCA_018292885.1,Phytophthora capsici,Peronosporaceae,Yes,No,No
GCA_018292895.1,Phytophthora capsici,Peronosporaceae,Yes,No,No
GCA_018292905.1,Phytophthora capsici,Peronosporaceae,Yes,No,No
GCA_018691715.1,Phytophthora cinnamomi,Peronosporaceae,No,Yes,No
GCA_020800215.1,Phytophthora ramorum,Peronosporaceae,No,Yes,No
GCA_023611945.1,Phytophthora pini,Peronosporaceae,No,Yes,No
GCA_024679215.1,Phytophthora pini,Peronosporaceae,No,Yes,No
GCA_029168885.1,Phytophthora capsici,Peronosporaceae,Yes,No,No
GCA_030324255.1,Phytophthora capsici,Peronosporaceae,Yes,No,No
GCA_032158065.1,Phytophthora capsici,Peronosporaceae,Yes,No,No
GCA_032161705.1,Phytophthora capsici,Peronosporaceae,Yes,No,No
GCA_042082265.1,Nothophytophthora amphigynosa,Peronosporaceae,No,No,Yes
GCA_042082325.1,Phytophthora cinnamomi,Peronosporaceae,No,Yes,No
GCA_046862035.1,Phytophthora ramorum,Peronosporaceae,No,Yes,No
GCA_920618645.1,Peronospora belbahrii,Peronosporaceae,No,No,Yes
GCA_921012115.1,Peronospora belbahrii,Peronosporaceae,No,No,Yes
GCA_949795235.1,Phytophthora capsici,Peronosporaceae,Yes,No,No
GCA_949795465.1,Phytophthora capsici,Peronosporaceae,Yes,No,No
GCA_001443195.1,Alternaria alternata,Pleosporaceae,No,Yes,No
GCA_001572055.1,Alternaria alternata,Pleosporaceae,No,Yes,No
GCA_003268315.1,Stemphylium lycopersici,Pleosporaceae,No,No,Yes
GCA_003268335.1,Stemphylium lycopersici,Pleosporaceae,No,No,Yes
GCA_004154835.1,Alternaria arborescens,Pleosporaceae,No,Yes,No
GCA_004156025.2,Alternaria gaisen,Pleosporaceae,Yes,Yes,Yes
GCA_004634305.1,Alternaria atra,Pleosporaceae,No,Yes,No
GCA_004936725.1,Alternaria brassicae,Pleosporaceae,No,Yes,No
GCA_010015605.1,Decorospora gaudefroyi,Pleosporaceae,No,No,Yes
GCA_014334795.1,Pyrenophora teres,Pleosporaceae,No,No,Yes
GCA_014334815.1,Pyrenophora teres,Pleosporaceae,No,No,Yes
GCA_022345345.1,Alternaria gaisen,Pleosporaceae,Yes,Yes,Yes
GCA_022345375.1,Alternaria gaisen,Pleosporaceae,Yes,No,No
GCA_022345385.1,Alternaria gaisen,Pleosporaceae,Yes,No,No
GCA_022345405.1,Alternaria gaisen,Pleosporaceae,Yes,No,No
GCA_022345445.1,Alternaria gaisen,Pleosporaceae,Yes,No,No
GCA_022345455.1,Alternaria gaisen,Pleosporaceae,Yes,No,No
GCA_022345465.1,Alternaria gaisen,Pleosporaceae,Yes,No,No
GCA_022345485.1,Alternaria gaisen,Pleosporaceae,Yes,No,No
GCA_022345505.1,Alternaria gaisen,Pleosporaceae,Yes,No,No
GCA_022345525.1,Alternaria gaisen,Pleosporaceae,Yes,No,No
GCA_022345565.1,Alternaria gaisen,Pleosporaceae,Yes,No,No
GCA_022345575.1,Alternaria gaisen,Pleosporaceae,Yes,No,No
GCA_022345585.1,Alternaria gaisen,Pleosporaceae,Yes,No,No
GCA_022345615.1,Alternaria gaisen,Pleosporaceae,Yes,No,No
GCA_022345635.1,Alternaria gaisen,Pleosporaceae,Yes,No,No
GCA_024043145.1,Alternaria conjuncta,Pleosporaceae,No,Yes,No
GCA_024043155.1,Alternaria arbusti,Pleosporaceae,No,Yes,No
GCA_024291825.1,Alternaria postmessia,Pleosporaceae,No,Yes,No
GCA_026262385.1,Exserohilum rostratum,Pleosporaceae,No,No,Yes
GCA_026367775.1,Exserohilum rostratum,Pleosporaceae,No,No,Yes
GCA_028858645.1,Bipolaris maydis,Pleosporaceae,No,No,Yes
GCA_034508535.1,Drechslera avenae,Pleosporaceae,No,No,Yes
GCA_034640345.1,Drechslera avenae,Pleosporaceae,No,No,Yes
GCA_034642335.1,Bipolaris maydis,Pleosporaceae,No,No,Yes
GCA_036768465.1,Alternaria brassicae,Pleosporaceae,No,Yes,No
GCA_040583865.1,Alternaria arbusti,Pleosporaceae,No,Yes,No
GCA_040584035.1,Alternaria conjuncta,Pleosporaceae,No,Yes,No
GCA_050711445.1,Alternaria postmessia,Pleosporaceae,No,Yes,No
GCA_052110775.1,Alternaria arborescens,Pleosporaceae,No,Yes,No
GCA_900634815.1,Paradendryphiella salina,Pleosporaceae,No,No,Yes
GCA_907166805.1,Alternaria atra,Pleosporaceae,No,Yes,No
GCA_965117985.1,Curvularia dactylocteniicola,Pleosporaceae,No,No,Yes
GCA_965118035.1,Curvularia dactylocteniicola,Pleosporaceae,No,No,Yes
GCA_000262775.1,Ganoderma lucidum,Polyporaceae,Yes,No,No
GCA_000271565.1,Ganoderma lucidum,Polyporaceae,Yes,No,No
GCA_000271585.1,Trametes versicolor,Polyporaceae,No,No,Yes
GCA_000338035.1,Ganoderma lucidum,Polyporaceae,Yes,No,No
GCA_001855635.1,Ganoderma boninense,Polyporaceae,No,Yes,No
GCA_002900995.3,Ganoderma boninense,Polyporaceae,No,Yes,No
GCA_003813185.1,Lentinus tigrinus,Polyporaceae,No,No,Yes
GCA_003813205.1,Lentinus tigrinus,Polyporaceae,No,No,Yes
GCA_012655175.1,Ganoderma lucidum,Polyporaceae,Yes,Yes,Yes
GCA_019426095.1,Ganoderma lucidum,Polyporaceae,Yes,Yes,Yes
GCA_020736865.1,Ganoderma leucocontextum,Polyporaceae,No,Yes,No
GCA_022606135.1,Fomes fomentarius,Polyporaceae,No,No,Yes
GCA_022813035.1,Ganoderma leucocontextum,Polyporaceae,No,Yes,No
GCA_026283605.1,Ganoderma lingzhi,Polyporaceae,No,Yes,No
GCA_033032785.1,Ganoderma lucidum,Polyporaceae,Yes,No,No
GCA_037954145.1,Fomes fomentarius,Polyporaceae,No,No,Yes
GCA_041956555.1,Trametes versicolor,Polyporaceae,No,No,Yes
GCA_046127145.1,Polyporus umbellatus,Polyporaceae,No,No,Yes
GCA_047651895.1,Ganoderma lingzhi,Polyporaceae,No,Yes,No
GCA_047716495.1,Polyporus umbellatus,Polyporaceae,No,No,Yes
GCA_963378725.2,Ganoderma lucidum,Polyporaceae,Yes,No,No
GCA_964023155.1,Ganoderma resinaceum,Polyporaceae,No,Yes,No
GCA_964023195.1,Ganoderma resinaceum,Polyporaceae,No,Yes,No
GCA_000143045.1,Globisporangium ultimum,Pythiaceae,No,Yes,No
GCA_000387425.2,Globisporangium irregulare,Pythiaceae,Yes,No,No
GCA_000387465.2,Globisporangium iwayamae,Pythiaceae,No,Yes,No
GCA_001600475.1,Pilasporangium apinafurcum,Pythiaceae,No,No,Yes
GCA_001600495.1,Pilasporangium apinafurcum,Pythiaceae,No,No,Yes
GCA_002980415.1,Lagenidium giganteum,Pythiaceae,No,No,Yes
GCA_003413675.1,Phytopythium vexans,Pythiaceae,No,No,Yes
GCA_004117815.1,Globisporangium irregulare,Pythiaceae,Yes,Yes,Yes
GCA_006386115.1,Globisporangium splendens,Pythiaceae,No,Yes,No
GCA_022023675.2,Phytopythium vexans,Pythiaceae,No,No,Yes
GCA_023334565.1,Globisporangium ultimum,Pythiaceae,No,Yes,No
GCA_023335435.1,Globisporangium splendens,Pythiaceae,No,Yes,No
GCA_023336125.1,Globisporangium mamillatum,Pythiaceae,No,Yes,No
GCA_023336215.1,Globisporangium iwayamae,Pythiaceae,No,Yes,No
GCA_023336235.1,Globisporangium irregulare,Pythiaceae,Yes,Yes,Yes
GCA_023336395.1,Elongisporangium dimorphum,Pythiaceae,No,No,Yes
GCA_023337535.1,Globisporangium cryptoirregulare,Pythiaceae,No,Yes,No
GCA_023337855.1,Pythium aphanidermatum,Pythiaceae,No,No,Yes
GCA_023337935.1,Elongisporangium anandrum,Pythiaceae,No,No,Yes
GCA_027475745.1,Pythium aphanidermatum,Pythiaceae,No,No,Yes
GCA_027925865.1,Lagenidium giganteum,Pythiaceae,No,No,Yes
GCA_037965435.1,Globisporangium cryptoirregulare,Pythiaceae,No,Yes,No
GCA_037965455.1,Globisporangium irregulare,Pythiaceae,Yes,No,No
GCA_038048875.1,Globisporangium irregulare,Pythiaceae,Yes,No,No
GCA_038048945.1,Globisporangium irregulare,Pythiaceae,Yes,No,No
GCA_038050575.1,Globisporangium mamillatum,Pythiaceae,No,Yes,No
GCA_038050675.1,Globisporangium cylindrosporum,Pythiaceae,No,Yes,No
GCA_038050735.1,Globisporangium cylindrosporum,Pythiaceae,No,Yes,No
GCA_038050925.1,Globisporangium irregulare,Pythiaceae,Yes,No,No
GCA_038050935.1,Globisporangium irregulare,Pythiaceae,Yes,No,No
GCA_038050945.1,Globisporangium irregulare,Pythiaceae,Yes,No,No
GCA_038050995.1,Globisporangium irregulare,Pythiaceae,Yes,No,No
GCA_038051025.1,Globisporangium irregulare,Pythiaceae,Yes,No,No
GCA_038051045.1,Globisporangium irregulare,Pythiaceae,Yes,No,No
GCA_038051075.1,Globisporangium irregulare,Pythiaceae,Yes,No,No
GCA_038051095.1,Globisporangium irregulare,Pythiaceae,Yes,No,No
GCA_000293215.1,Trichosporon asahii,Trichosporonaceae,Yes,Yes,Yes
GCA_000299215.2,Trichosporon asahii,Trichosporonaceae,Yes,Yes,Yes
GCA_001600295.1,Apiotrichum brassicae,Trichosporonaceae,No,No,Yes
GCA_001600415.1,Pascua guehoae,Trichosporonaceae,No,No,Yes
GCA_001752585.1,Trichosporon faecale,Trichosporonaceae,No,Yes,No
GCA_001752625.1,Trichosporon inkin,Trichosporonaceae,No,Yes,No
GCA_001972365.1,Trichosporon asahii,Trichosporonaceae,Yes,No,No
GCA_002335605.1,Prillingera fragicola,Trichosporonaceae,No,No,Yes
GCA_004026345.1,Trichosporon asahii,Trichosporonaceae,Yes,No,No
GCA_023627935.1,Pascua sp. PK3308B-1,Trichosporonaceae,No,No,Yes
GCA_023628095.1,Apiotrichum brassicae,Trichosporonaceae,No,No,Yes
GCA_023630015.1,Trichosporon asahii,Trichosporonaceae,Yes,No,No
GCA_023630035.1,Trichosporon asahii,Trichosporonaceae,Yes,No,No
GCA_023630055.1,Trichosporon sp. PB005A,Trichosporonaceae,No,Yes,No
GCA_023630075.1,Trichosporon asahii,Trichosporonaceae,Yes,No,No
GCA_023630135.1,Trichosporon asahii,Trichosporonaceae,Yes,No,No
GCA_025529565.1,Trichosporon sp. P6006,Trichosporonaceae,No,Yes,No
GCA_025529955.1,Trichosporon asahii,Trichosporonaceae,Yes,No,No
GCA_030864355.1,Cutaneotrichosporon cavernicola,Trichosporonaceae,No,No,Yes
GCA_030864445.1,Cutaneotrichosporon cavernicola,Trichosporonaceae,No,No,Yes
GCA_037041105.1,Trichosporon asahii,Trichosporonaceae,Yes,No,No
GCA_037044125.1,Trichosporon asahii,Trichosporonaceae,Yes,No,No
GCA_037177845.1,Trichosporon asahii,Trichosporonaceae,Yes,No,No
GCA_039545375.1,Trichosporon faecale,Trichosporonaceae,No,Yes,No
GCA_040365635.1,Trichosporon inkin,Trichosporonaceae,No,Yes,No
GCA_044759035.1,Trichosporon asahii,Trichosporonaceae,Yes,No,No
GCA_050084555.1,Trichosporon austroamericanum,Trichosporonaceae,No,Yes,No
GCA_051622635.1,Trichosporon austroamericanum,Trichosporonaceae,No,Yes,No
GCA_052054965.1,Trichosporon ovoides,Trichosporonaceae,No,Yes,No
GCA_052055005.1,Trichosporon ovoides,Trichosporonaceae,No,Yes,No
GCA_000772675.1,Sporisorium scitamineum,Ustilaginaceae,No,No,Yes
GCA_001010845.3,Sporisorium scitamineum,Ustilaginaceae,No,No,Yes
GCA_001599495.1,Mycosarcoma maydis,Ustilaginaceae,Yes,No,Yes
GCA_001660065.1,Mycosarcoma maydis,Ustilaginaceae,Yes,No,Yes
GCA_001662005.1,Mycosarcoma maydis,Ustilaginaceae,Yes,No,No
GCA_001736105.1,Pseudozyma hubeiensis,Ustilaginaceae,No,No,Yes
GCA_001736155.1,Mycosarcoma maydis,Ustilaginaceae,Yes,No,No
GCA_001736185.1,Mycosarcoma maydis,Ustilaginaceae,Yes,No,No
GCA_001736215.1,Mycosarcoma maydis,Ustilaginaceae,Yes,No,No
GCA_013387245.1,Mycosarcoma maydis,Ustilaginaceae,Yes,No,No
GCA_013387255.1,Mycosarcoma maydis,Ustilaginaceae,Yes,No,No
GCA_016617935.1,Mycosarcoma maydis,Ustilaginaceae,Yes,No,No
GCA_016617945.1,Mycosarcoma maydis,Ustilaginaceae,Yes,No,No
GCA_018153955.1,Mycosarcoma maydis,Ustilaginaceae,Yes,No,No
GCA_018153985.1,Mycosarcoma maydis,Ustilaginaceae,Yes,No,No
GCA_018154035.1,Mycosarcoma maydis,Ustilaginaceae,Yes,No,No
GCA_018154095.1,Mycosarcoma maydis,Ustilaginaceae,Yes,No,No
GCA_023212645.1,Farysia itapuensis,Ustilaginaceae,No,No,Yes
GCA_030142165.1,Pseudozyma hubeiensis,Ustilaginaceae,No,No,Yes
GCA_031214725.1,Moesziomyces antarcticus,Ustilaginaceae,No,No,Yes
GCA_040365765.1,Farysia acheniorum,Ustilaginaceae,No,No,Yes
GCA_043791915.1,Moesziomyces antarcticus,Ustilaginaceae,No,No,Yes
GCA_900080155.1,Ustilago bromivora,Ustilaginaceae,No,No,Yes
GCA_900101485.1,Ustilago bromivora,Ustilaginaceae,No,No,Yes
GCA_928724745.1,Anthracocystis setariae,Ustilaginaceae,No,No,Yes
GCA_928858565.1,Anthracocystis walkeri,Ustilaginaceae,No,No,Yes
